givenName,sn,sAMAccountName,displayName,description,pager,department,name,password
Mercedes,Mathis,M.Mathis,Mercedes Mathis,Simple AD ,2640,School,M.Mathis,Password1
Eduardo,Keller,E.Keller,Eduardo Keller,Simple AD ,3121,School,E.Keller,Password1
Abraham,Pitts,A.Pitts,Abraham Pitts,Simple AD ,3376,School,A.Pitts,Password1
Sabrina,Ramos,S.Ramos,Sabrina Ramos,Simple AD ,4077,School,S.Ramos,Password1
Raiden,Novak,R.Novak,Raiden Novak,Simple AD ,7936,School,R.Novak,Password1
Erick,Barron,E.Barron,Erick Barron,Simple AD ,5517,School,E.Barron,Password1
Alia,Velez,A.Velez,Alia Velez,Simple AD ,4902,School,A.Velez,Password1
Jaelynn,Fowler,J.Fowler,Jaelynn Fowler,Simple AD ,3763,School,J.Fowler,Password1
Grayson,Harrell,G.Harrell,Grayson Harrell,Simple AD ,7204,School,G.Harrell,Password1
Mary,Hicks,M.Hicks,Mary Hicks,Simple AD ,1302,School,M.Hicks,Password1
Desirae,Buckley,D.Buckley,Desirae Buckley,Simple AD ,4758,School,D.Buckley,Password1
Rey,Gibbs,R.Gibbs,Rey Gibbs,Simple AD ,4094,School,R.Gibbs,Password1
Jaydan,Reed,J.Reed,Jaydan Reed,Simple AD ,4814,School,J.Reed,Password1
Andrew,Yu,A.Yu,Andrew Yu,Simple AD ,6018,School,A.Yu,Password1
Brenton,Gilmore,B.Gilmore,Brenton Gilmore,Simple AD ,8800,School,B.Gilmore,Password1
Julianna,Johnson,J.Johnson,Julianna Johnson,Simple AD ,1936,School,J.Johnson,Password1
Augustus,Whitaker,A.Whitaker,Augustus Whitaker,Simple AD ,7856,School,A.Whitaker,Password1
Mikayla,Clay,M.Clay,Mikayla Clay,Simple AD ,5137,School,M.Clay,Password1
Miguel,Little,M.Little,Miguel Little,Simple AD ,1282,School,M.Little,Password1
Enzo,Beasley,E.Beasley,Enzo Beasley,Simple AD ,3781,School,E.Beasley,Password1
Javon,Elliott,J.Elliott,Javon Elliott,Simple AD ,1627,School,J.Elliott,Password1
Princess,Meza,P.Meza,Princess Meza,Simple AD ,8618,School,P.Meza,Password1
Lawson,Mann,L.Mann,Lawson Mann,Simple AD ,8975,School,L.Mann,Password1
Kylan,Burnett,K.Burnett,Kylan Burnett,Simple AD ,1939,School,K.Burnett,Password1
Valery,Duke,V.Duke,Valery Duke,Simple AD ,5318,School,V.Duke,Password1
Daisy,Kline,D.Kline,Daisy Kline,Simple AD ,1919,School,D.Kline,Password1
Dakota,Sharp,D.Sharp,Dakota Sharp,Simple AD ,5424,School,D.Sharp,Password1
Quinn,West,Q.West,Quinn West,Simple AD ,4036,School,Q.West,Password1
Roland,Wilkerson,R.Wilkerson,Roland Wilkerson,Simple AD ,5075,School,R.Wilkerson,Password1
Stephany,Stevens,S.Stevens,Stephany Stevens,Simple AD ,9882,School,S.Stevens,Password1
Nyla,Faulkner,N.Faulkner,Nyla Faulkner,Simple AD ,4471,School,N.Faulkner,Password1
Mina,Weiss,M.Weiss,Mina Weiss,Simple AD ,7330,School,M.Weiss,Password1
Laylah,Holloway,L.Holloway,Laylah Holloway,Simple AD ,2535,School,L.Holloway,Password1
Emery,Reese,E.Reese,Emery Reese,Simple AD ,6262,School,E.Reese,Password1
Mitchell,Obrien,M.Obrien,Mitchell Obrien,Simple AD ,6958,School,M.Obrien,Password1
Caleb,Holland,C.Holland,Caleb Holland,Simple AD ,5015,School,C.Holland,Password1
Angelica,Thompson,A.Thompson,Angelica Thompson,Simple AD ,9620,School,A.Thompson,Password1
Ramiro,Barnett,R.Barnett,Ramiro Barnett,Simple AD ,5700,School,R.Barnett,Password1
Hanna,Odonnell,H.Odonnell,Hanna Odonnell,Simple AD ,3228,School,H.Odonnell,Password1
Case,Rubio,C.Rubio,Case Rubio,Simple AD ,5565,School,C.Rubio,Password1
Shaylee,Gordon,S.Gordon,Shaylee Gordon,Simple AD ,1348,School,S.Gordon,Password1
Daphne,Harper,D.Harper,Daphne Harper,Simple AD ,2848,School,D.Harper,Password1
Kade,Lambert,K.Lambert,Kade Lambert,Simple AD ,6943,School,K.Lambert,Password1
Griffin,Aguilar,G.Aguilar,Griffin Aguilar,Simple AD ,9946,School,G.Aguilar,Password1
Selena,Oliver,S.Oliver,Selena Oliver,Simple AD ,6522,School,S.Oliver,Password1
Janelle,Ortiz,J.Ortiz,Janelle Ortiz,Simple AD ,7036,School,J.Ortiz,Password1
Teagan,Carter,T.Carter,Teagan Carter,Simple AD ,7060,School,T.Carter,Password1
Emiliano,Schultz,E.Schultz,Emiliano Schultz,Simple AD ,7680,School,E.Schultz,Password1
Reina,Bird,R.Bird,Reina Bird,Simple AD ,7341,School,R.Bird,Password1
Kyler,Riley,K.Riley,Kyler Riley,Simple AD ,4155,School,K.Riley,Password1
Ximena,Cameron,X.Cameron,Ximena Cameron,Simple AD ,6749,School,X.Cameron,Password1
Denisse,Huffman,D.Huffman,Denisse Huffman,Simple AD ,2859,School,D.Huffman,Password1
Rebecca,Ross,R.Ross,Rebecca Ross,Simple AD ,6898,School,R.Ross,Password1
Valentin,Moon,V.Moon,Valentin Moon,Simple AD ,1016,School,V.Moon,Password1
Cooper,Preston,C.Preston,Cooper Preston,Simple AD ,5562,School,C.Preston,Password1
Madyson,Mckay,M.Mckay,Madyson Mckay,Simple AD ,6936,School,M.Mckay,Password1
Zavier,Dougherty,Z.Dougherty,Zavier Dougherty,Simple AD ,7684,School,Z.Dougherty,Password1
Kaleigh,Caldwell,K.Caldwell,Kaleigh Caldwell,Simple AD ,2198,School,K.Caldwell,Password1
Jaelyn,Bernard,J.Bernard,Jaelyn Bernard,Simple AD ,3969,School,J.Bernard,Password1
Maleah,Garcia,M.Garcia,Maleah Garcia,Simple AD ,5182,School,M.Garcia,Password1
Quincy,Durham,Q.Durham,Quincy Durham,Simple AD ,5834,School,Q.Durham,Password1
Dorian,Hurley,D.Hurley,Dorian Hurley,Simple AD ,1084,School,D.Hurley,Password1
Lisa,Clayton,L.Clayton,Lisa Clayton,Simple AD ,8583,School,L.Clayton,Password1
Yaretzi,Holt,Y.Holt,Yaretzi Holt,Simple AD ,2910,School,Y.Holt,Password1
Maeve,Frazier,M.Frazier,Maeve Frazier,Simple AD ,4734,School,M.Frazier,Password1
Angelique,Moore,A.Moore,Angelique Moore,Simple AD ,4269,School,A.Moore,Password1
Yasmin,Jennings,Y.Jennings,Yasmin Jennings,Simple AD ,5766,School,Y.Jennings,Password1
Carla,Walsh,C.Walsh,Carla Walsh,Simple AD ,8641,School,C.Walsh,Password1
Amari,Mullen,A.Mullen,Amari Mullen,Simple AD ,2857,School,A.Mullen,Password1
Helena,Roach,H.Roach,Helena Roach,Simple AD ,4694,School,H.Roach,Password1
Angeline,Boone,A.Boone,Angeline Boone,Simple AD ,3269,School,A.Boone,Password1
Jonathan,Atkins,J.Atkins,Jonathan Atkins,Simple AD ,7946,School,J.Atkins,Password1
Keyon,Olsen,K.Olsen,Keyon Olsen,Simple AD ,6051,School,K.Olsen,Password1
Jovanny,Bradshaw,J.Bradshaw,Jovanny Bradshaw,Simple AD ,8759,School,J.Bradshaw,Password1
Spencer,Odom,S.Odom,Spencer Odom,Simple AD ,3450,School,S.Odom,Password1
Nikolai,Franklin,N.Franklin,Nikolai Franklin,Simple AD ,6310,School,N.Franklin,Password1
Clinton,Pacheco,C.Pacheco,Clinton Pacheco,Simple AD ,9143,School,C.Pacheco,Password1
Makenna,Boyd,M.Boyd,Makenna Boyd,Simple AD ,2348,School,M.Boyd,Password1
Rodrigo,Blackwell,R.Blackwell,Rodrigo Blackwell,Simple AD ,9732,School,R.Blackwell,Password1
Bradyn,Knox,B.Knox,Bradyn Knox,Simple AD ,5099,School,B.Knox,Password1
Julianne,Davila,J.Davila,Julianne Davila,Simple AD ,8843,School,J.Davila,Password1
Monica,Vaughan,M.Vaughan,Monica Vaughan,Simple AD ,5749,School,M.Vaughan,Password1
Nasir,Oconnor,N.Oconnor,Nasir Oconnor,Simple AD ,4857,School,N.Oconnor,Password1
Alvaro,Harvey,A.Harvey,Alvaro Harvey,Simple AD ,9643,School,A.Harvey,Password1
Annalise,White,A.White,Annalise White,Simple AD ,4448,School,A.White,Password1
Makhi,Rich,M.Rich,Makhi Rich,Simple AD ,3058,School,M.Rich,Password1
Chase,Benjamin,C.Benjamin,Chase Benjamin,Simple AD ,4860,School,C.Benjamin,Password1
Casey,Aguirre,C.Aguirre,Casey Aguirre,Simple AD ,9818,School,C.Aguirre,Password1
Akira,Hooper,A.Hooper,Akira Hooper,Simple AD ,1010,School,A.Hooper,Password1
Paige,Yates,P.Yates,Paige Yates,Simple AD ,6757,School,P.Yates,Password1
Charlie,Bowen,C.Bowen,Charlie Bowen,Simple AD ,3444,School,C.Bowen,Password1
Paityn,Chavez,P.Chavez,Paityn Chavez,Simple AD ,3084,School,P.Chavez,Password1
Mariah,Robinson,M.Robinson,Mariah Robinson,Simple AD ,3265,School,M.Robinson,Password1
Micah,Duran,M.Duran,Micah Duran,Simple AD ,1138,School,M.Duran,Password1
Mareli,Nunez,M.Nunez,Mareli Nunez,Simple AD ,2375,School,M.Nunez,Password1
Johanna,Fitzpatrick,J.Fitzpatrick,Johanna Fitzpatrick,Simple AD ,1116,School,J.Fitzpatrick,Password1
Keely,Parks,K.Parks,Keely Parks,Simple AD ,9384,School,K.Parks,Password1
Seth,Adams,S.Adams,Seth Adams,Simple AD ,3192,School,S.Adams,Password1
Sarahi,Morton,S.Morton,Sarahi Morton,Simple AD ,6397,School,S.Morton,Password1
Davion,Case,D.Case,Davion Case,Simple AD ,7469,School,D.Case,Password1
Georgia,Duffy,G.Duffy,Georgia Duffy,Simple AD ,1189,School,G.Duffy,Password1
Vaughn,Mcclure,V.Mcclure,Vaughn Mcclure,Simple AD ,1255,School,V.Mcclure,Password1
Kenya,Wright,K.Wright,Kenya Wright,Simple AD ,5790,School,K.Wright,Password1
Noelle,Hart,N.Hart,Noelle Hart,Simple AD ,3522,School,N.Hart,Password1
Remington,Barajas,R.Barajas,Remington Barajas,Simple AD ,8574,School,R.Barajas,Password1
Dixie,Bright,D.Bright,Dixie Bright,Simple AD ,7938,School,D.Bright,Password1
Aria,Hurst,A.Hurst,Aria Hurst,Simple AD ,1207,School,A.Hurst,Password1
Damarion,Pearson,D.Pearson,Damarion Pearson,Simple AD ,7942,School,D.Pearson,Password1
Arthur,Murillo,A.Murillo,Arthur Murillo,Simple AD ,5876,School,A.Murillo,Password1
Mckenna,Blair,M.Blair,Mckenna Blair,Simple AD ,6603,School,M.Blair,Password1
Frankie,Cunningham,F.Cunningham,Frankie Cunningham,Simple AD ,6590,School,F.Cunningham,Password1
Yesenia,Sheppard,Y.Sheppard,Yesenia Sheppard,Simple AD ,6927,School,Y.Sheppard,Password1
Sydney,Andrews,S.Andrews,Sydney Andrews,Simple AD ,6752,School,S.Andrews,Password1
Ahmed,Conner,A.Conner,Ahmed Conner,Simple AD ,7876,School,A.Conner,Password1
Graham,Holden,G.Holden,Graham Holden,Simple AD ,5294,School,G.Holden,Password1
Pablo,Simon,P.Simon,Pablo Simon,Simple AD ,6585,School,P.Simon,Password1
Lilianna,Hanson,L.Hanson,Lilianna Hanson,Simple AD ,8654,School,L.Hanson,Password1
Adriana,Herrera,A.Herrera,Adriana Herrera,Simple AD ,1606,School,A.Herrera,Password1
Eileen,Cisneros,E.Cisneros,Eileen Cisneros,Simple AD ,6200,School,E.Cisneros,Password1
Mohammad,Mcdaniel,M.Mcdaniel,Mohammad Mcdaniel,Simple AD ,6702,School,M.Mcdaniel,Password1
Savannah,Krause,S.Krause,Savannah Krause,Simple AD ,6470,School,S.Krause,Password1
Konnor,Singleton,K.Singleton,Konnor Singleton,Simple AD ,8716,School,K.Singleton,Password1
Kinsley,Vargas,K.Vargas,Kinsley Vargas,Simple AD ,3374,School,K.Vargas,Password1
Emmy,Irwin,E.Irwin,Emmy Irwin,Simple AD ,6402,School,E.Irwin,Password1
Dulce,Barker,D.Barker,Dulce Barker,Simple AD ,5694,School,D.Barker,Password1
Sarai,Rollins,S.Rollins,Sarai Rollins,Simple AD ,8181,School,S.Rollins,Password1
Fisher,Hutchinson,F.Hutchinson,Fisher Hutchinson,Simple AD ,9303,School,F.Hutchinson,Password1
Kellen,Roberts,K.Roberts,Kellen Roberts,Simple AD ,8538,School,K.Roberts,Password1
Adelyn,Hobbs,A.Hobbs,Adelyn Hobbs,Simple AD ,2634,School,A.Hobbs,Password1
Tania,Mooney,T.Mooney,Tania Mooney,Simple AD ,7299,School,T.Mooney,Password1
Talia,Singh,T.Singh,Talia Singh,Simple AD ,1695,School,T.Singh,Password1
Anastasia,Erickson,A.Erickson,Anastasia Erickson,Simple AD ,8837,School,A.Erickson,Password1
Camryn,Fernandez,C.Fernandez,Camryn Fernandez,Simple AD ,8310,School,C.Fernandez,Password1
Abbigail,Strickland,A.Strickland,Abbigail Strickland,Simple AD ,4452,School,A.Strickland,Password1
Tyrell,Monroe,T.Monroe,Tyrell Monroe,Simple AD ,6063,School,T.Monroe,Password1
Lily,Oconnell,L.Oconnell,Lily Oconnell,Simple AD ,4314,School,L.Oconnell,Password1
Tatiana,Duarte,T.Duarte,Tatiana Duarte,Simple AD ,3908,School,T.Duarte,Password1
Yamilet,Burton,Y.Burton,Yamilet Burton,Simple AD ,2778,School,Y.Burton,Password1
Ayla,Bradley,A.Bradley,Ayla Bradley,Simple AD ,4241,School,A.Bradley,Password1
Tiara,Mcintyre,T.Mcintyre,Tiara Mcintyre,Simple AD ,2550,School,T.Mcintyre,Password1
Maximo,Guerrero,M.Guerrero,Maximo Guerrero,Simple AD ,3063,School,M.Guerrero,Password1
Reese,Ellis,R.Ellis,Reese Ellis,Simple AD ,2701,School,R.Ellis,Password1
Naima,Mcclain,N.Mcclain,Naima Mcclain,Simple AD ,1666,School,N.Mcclain,Password1
Jocelyn,Malone,J.Malone,Jocelyn Malone,Simple AD ,5236,School,J.Malone,Password1
Damien,Daniels,D.Daniels,Damien Daniels,Simple AD ,4594,School,D.Daniels,Password1
Aaron,Combs,A.Combs,Aaron Combs,Simple AD ,4980,School,A.Combs,Password1
Avah,Blevins,A.Blevins,Avah Blevins,Simple AD ,7304,School,A.Blevins,Password1
Sofia,Rosario,S.Rosario,Sofia Rosario,Simple AD ,3497,School,S.Rosario,Password1
Douglas,Strong,D.Strong,Douglas Strong,Simple AD ,7951,School,D.Strong,Password1
Yair,Oneal,Y.Oneal,Yair Oneal,Simple AD ,9978,School,Y.Oneal,Password1
Hayden,Henry,H.Henry,Hayden Henry,Simple AD ,3873,School,H.Henry,Password1
Gaige,Blake,G.Blake,Gaige Blake,Simple AD ,4248,School,G.Blake,Password1
Kaylah,Mckinney,K.Mckinney,Kaylah Mckinney,Simple AD ,7838,School,K.Mckinney,Password1
Eliana,Spence,E.Spence,Eliana Spence,Simple AD ,6326,School,E.Spence,Password1
Gavin,Hines,G.Hines,Gavin Hines,Simple AD ,2471,School,G.Hines,Password1
Madelynn,Mcguire,M.Mcguire,Madelynn Mcguire,Simple AD ,9170,School,M.Mcguire,Password1
Yazmin,Figueroa,Y.Figueroa,Yazmin Figueroa,Simple AD ,9530,School,Y.Figueroa,Password1
Yosef,Morrison,Y.Morrison,Yosef Morrison,Simple AD ,2997,School,Y.Morrison,Password1
Ronan,Crosby,R.Crosby,Ronan Crosby,Simple AD ,9649,School,R.Crosby,Password1
Amara,Matthews,A.Matthews,Amara Matthews,Simple AD ,9603,School,A.Matthews,Password1
Elijah,Wade,E.Wade,Elijah Wade,Simple AD ,5851,School,E.Wade,Password1
Jordyn,Love,J.Love,Jordyn Love,Simple AD ,8718,School,J.Love,Password1
Adrianna,Zamora,A.Zamora,Adrianna Zamora,Simple AD ,6127,School,A.Zamora,Password1
Leah,Ferrell,L.Ferrell,Leah Ferrell,Simple AD ,1169,School,L.Ferrell,Password1
Sophie,Best,S.Best,Sophie Best,Simple AD ,2969,School,S.Best,Password1
Tomas,Carr,T.Carr,Tomas Carr,Simple AD ,7136,School,T.Carr,Password1
Raven,Pineda,R.Pineda,Raven Pineda,Simple AD ,2117,School,R.Pineda,Password1
Amiah,Ayala,A.Ayala,Amiah Ayala,Simple AD ,7400,School,A.Ayala,Password1
Eleanor,Campos,E.Campos,Eleanor Campos,Simple AD ,8786,School,E.Campos,Password1
Alanna,Bauer,A.Bauer,Alanna Bauer,Simple AD ,6441,School,A.Bauer,Password1
Jeremy,Bean,J.Bean,Jeremy Bean,Simple AD ,3153,School,J.Bean,Password1
Jaylyn,Young,J.Young,Jaylyn Young,Simple AD ,3218,School,J.Young,Password1
Claire,Knapp,C.Knapp,Claire Knapp,Simple AD ,1780,School,C.Knapp,Password1
Paul,Blackburn,P.Blackburn,Paul Blackburn,Simple AD ,9928,School,P.Blackburn,Password1
Van,Craig,V.Craig,Van Craig,Simple AD ,7278,School,V.Craig,Password1
Ismael,Gaines,I.Gaines,Ismael Gaines,Simple AD ,4696,School,I.Gaines,Password1
Angel,Hoffman,A.Hoffman,Angel Hoffman,Simple AD ,3370,School,A.Hoffman,Password1
Seamus,Norman,S.Norman,Seamus Norman,Simple AD ,5482,School,S.Norman,Password1
Malia,Sexton,M.Sexton,Malia Sexton,Simple AD ,9259,School,M.Sexton,Password1
Jaeden,Gamble,J.Gamble,Jaeden Gamble,Simple AD ,1541,School,J.Gamble,Password1
Zain,Powell,Z.Powell,Zain Powell,Simple AD ,3016,School,Z.Powell,Password1
Kyleigh,Hodge,K.Hodge,Kyleigh Hodge,Simple AD ,1634,School,K.Hodge,Password1
Moses,Bryant,M.Bryant,Moses Bryant,Simple AD ,5763,School,M.Bryant,Password1
Tucker,Sanford,T.Sanford,Tucker Sanford,Simple AD ,9982,School,T.Sanford,Password1
Jaylon,Flores,J.Flores,Jaylon Flores,Simple AD ,4278,School,J.Flores,Password1
Mattie,Gallagher,M.Gallagher,Mattie Gallagher,Simple AD ,6318,School,M.Gallagher,Password1
Summer,Griffith,S.Griffith,Summer Griffith,Simple AD ,1038,School,S.Griffith,Password1
Lyla,Nelson,L.Nelson,Lyla Nelson,Simple AD ,6858,School,L.Nelson,Password1
Jared,Meyers,J.Meyers,Jared Meyers,Simple AD ,8466,School,J.Meyers,Password1
Layne,Ayers,L.Ayers,Layne Ayers,Simple AD ,7606,School,L.Ayers,Password1
Kash,Clark,K.Clark,Kash Clark,Simple AD ,4782,School,K.Clark,Password1
Colby,Gilbert,C.Gilbert,Colby Gilbert,Simple AD ,1226,School,C.Gilbert,Password1
Nelson,Hill,N.Hill,Nelson Hill,Simple AD ,8206,School,N.Hill,Password1
Lina,Marsh,L.Marsh,Lina Marsh,Simple AD ,5029,School,L.Marsh,Password1
Marvin,Bender,M.Bender,Marvin Bender,Simple AD ,3681,School,M.Bender,Password1
Jair,Christensen,J.Christensen,Jair Christensen,Simple AD ,4455,School,J.Christensen,Password1
Haylee,Pruitt,H.Pruitt,Haylee Pruitt,Simple AD ,7948,School,H.Pruitt,Password1
Antwan,Huerta,A.Huerta,Antwan Huerta,Simple AD ,3627,School,A.Huerta,Password1
Mya,Francis,M.Francis,Mya Francis,Simple AD ,9937,School,M.Francis,Password1
Alfred,Snyder,A.Snyder,Alfred Snyder,Simple AD ,7256,School,A.Snyder,Password1
Aryan,Summers,A.Summers,Aryan Summers,Simple AD ,2766,School,A.Summers,Password1
Kamden,Mullins,K.Mullins,Kamden Mullins,Simple AD ,7343,School,K.Mullins,Password1
Mekhi,Pennington,M.Pennington,Mekhi Pennington,Simple AD ,9660,School,M.Pennington,Password1
Jazmine,Pierce,J.Pierce,Jazmine Pierce,Simple AD ,8663,School,J.Pierce,Password1
Jesse,Hayes,J.Hayes,Jesse Hayes,Simple AD ,3115,School,J.Hayes,Password1
Chelsea,Hudson,C.Hudson,Chelsea Hudson,Simple AD ,3005,School,C.Hudson,Password1
Hailey,Potts,H.Potts,Hailey Potts,Simple AD ,1086,School,H.Potts,Password1
Aydan,Higgins,A.Higgins,Aydan Higgins,Simple AD ,7925,School,A.Higgins,Password1
Colten,Brown,C.Brown,Colten Brown,Simple AD ,8901,School,C.Brown,Password1
Livia,Davidson,L.Davidson,Livia Davidson,Simple AD ,2939,School,L.Davidson,Password1
Kaiya,Howe,K.Howe,Kaiya Howe,Simple AD ,6577,School,K.Howe,Password1
German,Warren,G.Warren,German Warren,Simple AD ,2740,School,G.Warren,Password1
Jasmine,Frederick,J.Frederick,Jasmine Frederick,Simple AD ,1487,School,J.Frederick,Password1
Atticus,Dean,A.Dean,Atticus Dean,Simple AD ,9632,School,A.Dean,Password1
Brynn,Conrad,B.Conrad,Brynn Conrad,Simple AD ,6786,School,B.Conrad,Password1
Precious,Walton,P.Walton,Precious Walton,Simple AD ,9268,School,P.Walton,Password1
Ronald,Frye,R.Frye,Ronald Frye,Simple AD ,8338,School,R.Frye,Password1
Khalil,Mckee,K.Mckee,Khalil Mckee,Simple AD ,7479,School,K.Mckee,Password1
Maggie,Wilkinson,M.Wilkinson,Maggie Wilkinson,Simple AD ,4005,School,M.Wilkinson,Password1
Macy,Maldonado,M.Maldonado,Macy Maldonado,Simple AD ,4170,School,M.Maldonado,Password1
Ricardo,Dodson,R.Dodson,Ricardo Dodson,Simple AD ,2425,School,R.Dodson,Password1
Adrian,Bolton,A.Bolton,Adrian Bolton,Simple AD ,5494,School,A.Bolton,Password1
Jacqueline,Wood,J.Wood,Jacqueline Wood,Simple AD ,5411,School,J.Wood,Password1
Javier,Wall,J.Wall,Javier Wall,Simple AD ,2358,School,J.Wall,Password1
Abdiel,Barton,A.Barton,Abdiel Barton,Simple AD ,4730,School,A.Barton,Password1
Vincent,Zhang,V.Zhang,Vincent Zhang,Simple AD ,4097,School,V.Zhang,Password1
Emma,Becker,E.Becker,Emma Becker,Simple AD ,8118,School,E.Becker,Password1
Romeo,Tate,R.Tate,Romeo Tate,Simple AD ,5045,School,R.Tate,Password1
Brice,Morris,B.Morris,Brice Morris,Simple AD ,1308,School,B.Morris,Password1
Rhianna,Carlson,R.Carlson,Rhianna Carlson,Simple AD ,4464,School,R.Carlson,Password1
Laney,Prince,L.Prince,Laney Prince,Simple AD ,2886,School,L.Prince,Password1
Donald,May,D.May,Donald May,Simple AD ,5352,School,D.May,Password1
Andre,Newman,A.Newman,Andre Newman,Simple AD ,9423,School,A.Newman,Password1
Maren,Booth,M.Booth,Maren Booth,Simple AD ,2181,School,M.Booth,Password1
Justice,Clarke,J.Clarke,Justice Clarke,Simple AD ,1190,School,J.Clarke,Password1
Carolina,Christian,C.Christian,Carolina Christian,Simple AD ,1515,School,C.Christian,Password1
Evan,Livingston,E.Livingston,Evan Livingston,Simple AD ,1674,School,E.Livingston,Password1
Isabell,Mckenzie,I.Mckenzie,Isabell Mckenzie,Simple AD ,4416,School,I.Mckenzie,Password1
Blake,Hood,B.Hood,Blake Hood,Simple AD ,6193,School,B.Hood,Password1
Belinda,Villarreal,B.Villarreal,Belinda Villarreal,Simple AD ,3975,School,B.Villarreal,Password1
Jaylynn,Hendrix,J.Hendrix,Jaylynn Hendrix,Simple AD ,1283,School,J.Hendrix,Password1
Winston,Meadows,W.Meadows,Winston Meadows,Simple AD ,7140,School,W.Meadows,Password1
Carlo,Buchanan,C.Buchanan,Carlo Buchanan,Simple AD ,3179,School,C.Buchanan,Password1
Mateo,Estrada,M.Estrada,Mateo Estrada,Simple AD ,1416,School,M.Estrada,Password1
Zion,Foley,Z.Foley,Zion Foley,Simple AD ,9256,School,Z.Foley,Password1
Deangelo,Johnston,D.Johnston,Deangelo Johnston,Simple AD ,6190,School,D.Johnston,Password1
Salvatore,Villa,S.Villa,Salvatore Villa,Simple AD ,4044,School,S.Villa,Password1
Dante,Turner,D.Turner,Dante Turner,Simple AD ,6150,School,D.Turner,Password1
Madisyn,Parsons,M.Parsons,Madisyn Parsons,Simple AD ,8732,School,M.Parsons,Password1
Easton,Reilly,E.Reilly,Easton Reilly,Simple AD ,3851,School,E.Reilly,Password1
Juliana,Foster,J.Foster,Juliana Foster,Simple AD ,9935,School,J.Foster,Password1
Braeden,Berger,B.Berger,Braeden Berger,Simple AD ,6330,School,B.Berger,Password1
Nylah,Lester,N.Lester,Nylah Lester,Simple AD ,3295,School,N.Lester,Password1
Andy,Walters,A.Walters,Andy Walters,Simple AD ,9119,School,A.Walters,Password1
Martha,Walker,M.Walker,Martha Walker,Simple AD ,1361,School,M.Walker,Password1
Alejandro,Werner,A.Werner,Alejandro Werner,Simple AD ,4674,School,A.Werner,Password1
Kailyn,Hernandez,K.Hernandez,Kailyn Hernandez,Simple AD ,3965,School,K.Hernandez,Password1
Tripp,Zavala,T.Zavala,Tripp Zavala,Simple AD ,1892,School,T.Zavala,Password1
Chandler,Welch,C.Welch,Chandler Welch,Simple AD ,3763,School,C.Welch,Password1
Kieran,Cortez,K.Cortez,Kieran Cortez,Simple AD ,8742,School,K.Cortez,Password1
Amaya,Bray,A.Bray,Amaya Bray,Simple AD ,4942,School,A.Bray,Password1
Brock,Leon,B.Leon,Brock Leon,Simple AD ,2009,School,B.Leon,Password1
June,Garrett,J.Garrett,June Garrett,Simple AD ,8915,School,J.Garrett,Password1
Delilah,Benitez,D.Benitez,Delilah Benitez,Simple AD ,6896,School,D.Benitez,Password1
Ezekiel,Waters,E.Waters,Ezekiel Waters,Simple AD ,5405,School,E.Waters,Password1
Genevieve,Luna,G.Luna,Genevieve Luna,Simple AD ,9865,School,G.Luna,Password1
Esperanza,Petersen,E.Petersen,Esperanza Petersen,Simple AD ,6627,School,E.Petersen,Password1
Jairo,Mcknight,J.Mcknight,Jairo Mcknight,Simple AD ,4666,School,J.Mcknight,Password1
Sydnee,Nichols,S.Nichols,Sydnee Nichols,Simple AD ,9025,School,S.Nichols,Password1
Kristian,Williamson,K.Williamson,Kristian Williamson,Simple AD ,9071,School,K.Williamson,Password1
Edith,Roberson,E.Roberson,Edith Roberson,Simple AD ,7609,School,E.Roberson,Password1
Juan,Weeks,J.Weeks,Juan Weeks,Simple AD ,6375,School,J.Weeks,Password1
Rory,Mason,R.Mason,Rory Mason,Simple AD ,9930,School,R.Mason,Password1
Lucille,Ellison,L.Ellison,Lucille Ellison,Simple AD ,6754,School,L.Ellison,Password1
Faith,Torres,F.Torres,Faith Torres,Simple AD ,4982,School,F.Torres,Password1
Mariela,Moran,M.Moran,Mariela Moran,Simple AD ,2831,School,M.Moran,Password1
Gage,Salas,G.Salas,Gage Salas,Simple AD ,2040,School,G.Salas,Password1
Christine,Maddox,C.Maddox,Christine Maddox,Simple AD ,7106,School,C.Maddox,Password1
Dayami,Dickson,D.Dickson,Dayami Dickson,Simple AD ,4939,School,D.Dickson,Password1
Gavyn,Howell,G.Howell,Gavyn Howell,Simple AD ,4696,School,G.Howell,Password1
Mark,Underwood,M.Underwood,Mark Underwood,Simple AD ,1599,School,M.Underwood,Password1
Chris,Montgomery,C.Montgomery,Chris Montgomery,Simple AD ,7758,School,C.Montgomery,Password1
Jamir,Lucas,J.Lucas,Jamir Lucas,Simple AD ,1322,School,J.Lucas,Password1
Thomas,Sandoval,T.Sandoval,Thomas Sandoval,Simple AD ,3269,School,T.Sandoval,Password1
Camilla,Owen,C.Owen,Camilla Owen,Simple AD ,7331,School,C.Owen,Password1
Kayden,Stanley,K.Stanley,Kayden Stanley,Simple AD ,9448,School,K.Stanley,Password1
Mackenzie,Cline,M.Cline,Mackenzie Cline,Simple AD ,4198,School,M.Cline,Password1
Aurora,Peters,A.Peters,Aurora Peters,Simple AD ,7539,School,A.Peters,Password1
Whitney,Chambers,W.Chambers,Whitney Chambers,Simple AD ,9688,School,W.Chambers,Password1
Hope,Pratt,H.Pratt,Hope Pratt,Simple AD ,2477,School,H.Pratt,Password1
Carly,Martin,C.Martin,Carly Martin,Simple AD ,5546,School,C.Martin,Password1
Kaleb,Frost,K.Frost,Kaleb Frost,Simple AD ,2049,School,K.Frost,Password1
Elliana,Mercado,E.Mercado,Elliana Mercado,Simple AD ,3608,School,E.Mercado,Password1
Veronica,Trujillo,V.Trujillo,Veronica Trujillo,Simple AD ,7776,School,V.Trujillo,Password1
Kaitlin,Ritter,K.Ritter,Kaitlin Ritter,Simple AD ,7811,School,K.Ritter,Password1
Barbara,Gillespie,B.Gillespie,Barbara Gillespie,Simple AD ,9256,School,B.Gillespie,Password1
Valeria,Byrd,V.Byrd,Valeria Byrd,Simple AD ,4728,School,V.Byrd,Password1
Jamal,Rowland,J.Rowland,Jamal Rowland,Simple AD ,3796,School,J.Rowland,Password1
Kristin,Mccoy,K.Mccoy,Kristin Mccoy,Simple AD ,9342,School,K.Mccoy,Password1
Aracely,Molina,A.Molina,Aracely Molina,Simple AD ,4712,School,A.Molina,Password1
Tessa,Cobb,T.Cobb,Tessa Cobb,Simple AD ,3593,School,T.Cobb,Password1
Steve,Harrington,S.Harrington,Steve Harrington,Simple AD ,5565,School,S.Harrington,Password1
Myles,Solis,M.Solis,Myles Solis,Simple AD ,6710,School,M.Solis,Password1
Jordan,Swanson,J.Swanson,Jordan Swanson,Simple AD ,2189,School,J.Swanson,Password1
Adalynn,Arnold,A.Arnold,Adalynn Arnold,Simple AD ,7228,School,A.Arnold,Password1
Jovanni,Rowe,J.Rowe,Jovanni Rowe,Simple AD ,1906,School,J.Rowe,Password1
Kimberly,Burns,K.Burns,Kimberly Burns,Simple AD ,2133,School,K.Burns,Password1
Kathryn,Joseph,K.Joseph,Kathryn Joseph,Simple AD ,7294,School,K.Joseph,Password1
Talan,Burch,T.Burch,Talan Burch,Simple AD ,8000,School,T.Burch,Password1
Jonas,Hanna,J.Hanna,Jonas Hanna,Simple AD ,4893,School,J.Hanna,Password1
Nickolas,Tapia,N.Tapia,Nickolas Tapia,Simple AD ,8739,School,N.Tapia,Password1
Ronin,Berry,R.Berry,Ronin Berry,Simple AD ,9765,School,R.Berry,Password1
Richard,Chaney,R.Chaney,Richard Chaney,Simple AD ,3469,School,R.Chaney,Password1
Elaina,Morgan,E.Morgan,Elaina Morgan,Simple AD ,6755,School,E.Morgan,Password1
Isaias,Wells,I.Wells,Isaias Wells,Simple AD ,4374,School,I.Wells,Password1
Halle,Woodard,H.Woodard,Halle Woodard,Simple AD ,6247,School,H.Woodard,Password1
Eliezer,Fischer,E.Fischer,Eliezer Fischer,Simple AD ,2982,School,E.Fischer,Password1
Natasha,Wiggins,N.Wiggins,Natasha Wiggins,Simple AD ,5542,School,N.Wiggins,Password1
Nora,Jones,N.Jones,Nora Jones,Simple AD ,7276,School,N.Jones,Password1
Brycen,Kane,B.Kane,Brycen Kane,Simple AD ,2089,School,B.Kane,Password1
Corbin,Avila,C.Avila,Corbin Avila,Simple AD ,3862,School,C.Avila,Password1
Jerry,Flowers,J.Flowers,Jerry Flowers,Simple AD ,9001,School,J.Flowers,Password1
Trevon,Boyle,T.Boyle,Trevon Boyle,Simple AD ,8947,School,T.Boyle,Password1
Ingrid,Kennedy,I.Kennedy,Ingrid Kennedy,Simple AD ,9166,School,I.Kennedy,Password1
Ahmad,Quinn,A.Quinn,Ahmad Quinn,Simple AD ,2427,School,A.Quinn,Password1
Hudson,Ballard,H.Ballard,Hudson Ballard,Simple AD ,9646,School,H.Ballard,Password1
Gretchen,Nguyen,G.Nguyen,Gretchen Nguyen,Simple AD ,6705,School,G.Nguyen,Password1
Paula,Lucero,P.Lucero,Paula Lucero,Simple AD ,5832,School,P.Lucero,Password1
Jovany,Jordan,J.Jordan,Jovany Jordan,Simple AD ,5933,School,J.Jordan,Password1
Angelo,Paul,A.Paul,Angelo Paul,Simple AD ,1978,School,A.Paul,Password1
Zander,Bartlett,Z.Bartlett,Zander Bartlett,Simple AD ,4538,School,Z.Bartlett,Password1
Kathy,Archer,K.Archer,Kathy Archer,Simple AD ,4196,School,K.Archer,Password1
Tori,Heath,T.Heath,Tori Heath,Simple AD ,8903,School,T.Heath,Password1
Jovan,Hopkins,J.Hopkins,Jovan Hopkins,Simple AD ,9667,School,J.Hopkins,Password1
Morgan,Webb,M.Webb,Morgan Webb,Simple AD ,8390,School,M.Webb,Password1
Danna,Rojas,D.Rojas,Danna Rojas,Simple AD ,3530,School,D.Rojas,Password1
Bianca,Mccann,B.Mccann,Bianca Mccann,Simple AD ,5042,School,B.Mccann,Password1
Nicolas,Perkins,N.Perkins,Nicolas Perkins,Simple AD ,8247,School,N.Perkins,Password1
Darius,Cuevas,D.Cuevas,Darius Cuevas,Simple AD ,2448,School,D.Cuevas,Password1
Nyasia,Barrett,N.Barrett,Nyasia Barrett,Simple AD ,4933,School,N.Barrett,Password1
Ruby,Vang,R.Vang,Ruby Vang,Simple AD ,7787,School,R.Vang,Password1
Milton,Richards,M.Richards,Milton Richards,Simple AD ,9239,School,M.Richards,Password1
Cael,Middleton,C.Middleton,Cael Middleton,Simple AD ,3817,School,C.Middleton,Password1
Karina,Gutierrez,K.Gutierrez,Karina Gutierrez,Simple AD ,8914,School,K.Gutierrez,Password1
Taylor,Hall,T.Hall,Taylor Hall,Simple AD ,7876,School,T.Hall,Password1
Rayan,Ortega,R.Ortega,Rayan Ortega,Simple AD ,2034,School,R.Ortega,Password1
Molly,Kim,M.Kim,Molly Kim,Simple AD ,9380,School,M.Kim,Password1
Judith,Sloan,J.Sloan,Judith Sloan,Simple AD ,1639,School,J.Sloan,Password1
Aryana,Galloway,A.Galloway,Aryana Galloway,Simple AD ,9067,School,A.Galloway,Password1
Noe,Hale,N.Hale,Noe Hale,Simple AD ,6274,School,N.Hale,Password1
Zara,Flynn,Z.Flynn,Zara Flynn,Simple AD ,2560,School,Z.Flynn,Password1
Oscar,Ford,O.Ford,Oscar Ford,Simple AD ,6877,School,O.Ford,Password1
Leila,Frey,L.Frey,Leila Frey,Simple AD ,7354,School,L.Frey,Password1
Kendrick,Calderon,K.Calderon,Kendrick Calderon,Simple AD ,2978,School,K.Calderon,Password1
Hector,Merritt,H.Merritt,Hector Merritt,Simple AD ,9579,School,H.Merritt,Password1
Yadiel,Sosa,Y.Sosa,Yadiel Sosa,Simple AD ,2483,School,Y.Sosa,Password1
Alonso,Farley,A.Farley,Alonso Farley,Simple AD ,5405,School,A.Farley,Password1
Erik,Russell,E.Russell,Erik Russell,Simple AD ,3537,School,E.Russell,Password1
Renee,Graves,R.Graves,Renee Graves,Simple AD ,9779,School,R.Graves,Password1
Juliet,Pugh,J.Pugh,Juliet Pugh,Simple AD ,3770,School,J.Pugh,Password1
Rex,Hunt,R.Hunt,Rex Hunt,Simple AD ,1485,School,R.Hunt,Password1
Justin,Garza,J.Garza,Justin Garza,Simple AD ,6063,School,J.Garza,Password1
Virginia,Giles,V.Giles,Virginia Giles,Simple AD ,7649,School,V.Giles,Password1
Quinten,Savage,Q.Savage,Quinten Savage,Simple AD ,5227,School,Q.Savage,Password1
Shyanne,Eaton,S.Eaton,Shyanne Eaton,Simple AD ,7484,School,S.Eaton,Password1
Miley,Mcneil,M.Mcneil,Miley Mcneil,Simple AD ,4290,School,M.Mcneil,Password1
Juliette,Grimes,J.Grimes,Juliette Grimes,Simple AD ,6158,School,J.Grimes,Password1
Lilian,Bates,L.Bates,Lilian Bates,Simple AD ,6565,School,L.Bates,Password1
Valerie,Hensley,V.Hensley,Valerie Hensley,Simple AD ,9464,School,V.Hensley,Password1
Fatima,Khan,F.Khan,Fatima Khan,Simple AD ,2818,School,F.Khan,Password1
Mauricio,Armstrong,M.Armstrong,Mauricio Armstrong,Simple AD ,7896,School,M.Armstrong,Password1
Aleena,Carroll,A.Carroll,Aleena Carroll,Simple AD ,7154,School,A.Carroll,Password1
Rebekah,Farmer,R.Farmer,Rebekah Farmer,Simple AD ,9503,School,R.Farmer,Password1
Lena,Franco,L.Franco,Lena Franco,Simple AD ,9298,School,L.Franco,Password1
Devan,Hubbard,D.Hubbard,Devan Hubbard,Simple AD ,7556,School,D.Hubbard,Password1
Kelly,Arroyo,K.Arroyo,Kelly Arroyo,Simple AD ,5227,School,K.Arroyo,Password1
Gerardo,Mata,G.Mata,Gerardo Mata,Simple AD ,6478,School,G.Mata,Password1
Mathias,Shannon,M.Shannon,Mathias Shannon,Simple AD ,4184,School,M.Shannon,Password1
Jesus,Kidd,J.Kidd,Jesus Kidd,Simple AD ,9802,School,J.Kidd,Password1
Mallory,Espinoza,M.Espinoza,Mallory Espinoza,Simple AD ,3995,School,M.Espinoza,Password1
Anabel,Cox,A.Cox,Anabel Cox,Simple AD ,8874,School,A.Cox,Password1
Elizabeth,Braun,E.Braun,Elizabeth Braun,Simple AD ,7868,School,E.Braun,Password1
Caitlin,Patel,C.Patel,Caitlin Patel,Simple AD ,9369,School,C.Patel,Password1
Memphis,Pena,M.Pena,Memphis Pena,Simple AD ,9412,School,M.Pena,Password1
Yoselin,Shepard,Y.Shepard,Yoselin Shepard,Simple AD ,6364,School,Y.Shepard,Password1
Nico,Scott,N.Scott,Nico Scott,Simple AD ,1551,School,N.Scott,Password1
Geovanni,Donovan,G.Donovan,Geovanni Donovan,Simple AD ,2928,School,G.Donovan,Password1
Diya,Mcmillan,D.Mcmillan,Diya Mcmillan,Simple AD ,6001,School,D.Mcmillan,Password1
Slade,Castro,S.Castro,Slade Castro,Simple AD ,5069,School,S.Castro,Password1
Alejandra,Stout,A.Stout,Alejandra Stout,Simple AD ,9580,School,A.Stout,Password1
Kaylyn,Lyons,K.Lyons,Kaylyn Lyons,Simple AD ,9819,School,K.Lyons,Password1
Jabari,Huber,J.Huber,Jabari Huber,Simple AD ,9062,School,J.Huber,Password1
Laurel,Raymond,L.Raymond,Laurel Raymond,Simple AD ,6573,School,L.Raymond,Password1
Giovani,Brady,G.Brady,Giovani Brady,Simple AD ,2179,School,G.Brady,Password1
Natalie,Galvan,N.Galvan,Natalie Galvan,Simple AD ,8470,School,N.Galvan,Password1
Frederick,Vasquez,F.Vasquez,Frederick Vasquez,Simple AD ,4219,School,F.Vasquez,Password1
Dale,Reynolds,D.Reynolds,Dale Reynolds,Simple AD ,8157,School,D.Reynolds,Password1
Allison,Chang,A.Chang,Allison Chang,Simple AD ,6915,School,A.Chang,Password1
Phoenix,Wiley,P.Wiley,Phoenix Wiley,Simple AD ,1607,School,P.Wiley,Password1
Jason,Gallegos,J.Gallegos,Jason Gallegos,Simple AD ,1618,School,J.Gallegos,Password1
Alfredo,Lynn,A.Lynn,Alfredo Lynn,Simple AD ,7227,School,A.Lynn,Password1
Sarah,Yang,S.Yang,Sarah Yang,Simple AD ,5842,School,S.Yang,Password1
Gloria,Rice,G.Rice,Gloria Rice,Simple AD ,9851,School,G.Rice,Password1
Jaylen,Sullivan,J.Sullivan,Jaylen Sullivan,Simple AD ,4394,School,J.Sullivan,Password1
Jorge,Simpson,J.Simpson,Jorge Simpson,Simple AD ,2676,School,J.Simpson,Password1
Violet,Silva,V.Silva,Violet Silva,Simple AD ,3221,School,V.Silva,Password1
Elise,Alvarado,E.Alvarado,Elise Alvarado,Simple AD ,3065,School,E.Alvarado,Password1
Lillie,Larsen,L.Larsen,Lillie Larsen,Simple AD ,1799,School,L.Larsen,Password1
Josiah,Mendoza,J.Mendoza,Josiah Mendoza,Simple AD ,3379,School,J.Mendoza,Password1
Isaiah,Brooks,I.Brooks,Isaiah Brooks,Simple AD ,6600,School,I.Brooks,Password1
Luis,Davenport,L.Davenport,Luis Davenport,Simple AD ,6675,School,L.Davenport,Password1
Elsie,Stewart,E.Stewart,Elsie Stewart,Simple AD ,6259,School,E.Stewart,Password1
Giancarlo,Travis,G.Travis,Giancarlo Travis,Simple AD ,7996,School,G.Travis,Password1
Marlee,Cowan,M.Cowan,Marlee Cowan,Simple AD ,9520,School,M.Cowan,Password1
Sienna,Kirby,S.Kirby,Sienna Kirby,Simple AD ,3958,School,S.Kirby,Password1
Randall,Floyd,R.Floyd,Randall Floyd,Simple AD ,1387,School,R.Floyd,Password1
Roman,Haley,R.Haley,Roman Haley,Simple AD ,4960,School,R.Haley,Password1
Kasey,Baxter,K.Baxter,Kasey Baxter,Simple AD ,8941,School,K.Baxter,Password1
Marianna,Cain,M.Cain,Marianna Cain,Simple AD ,6537,School,M.Cain,Password1
Caitlyn,Wolf,C.Wolf,Caitlyn Wolf,Simple AD ,4610,School,C.Wolf,Password1
Gunnar,Valentine,G.Valentine,Gunnar Valentine,Simple AD ,2957,School,G.Valentine,Password1
Lyric,Ruiz,L.Ruiz,Lyric Ruiz,Simple AD ,6539,School,L.Ruiz,Password1
Kayden,Benson,K.Benson,Kayden Benson,Simple AD ,7782,School,K.Benson,Password1
Erica,Tanner,E.Tanner,Erica Tanner,Simple AD ,4825,School,E.Tanner,Password1
Davian,Sims,D.Sims,Davian Sims,Simple AD ,4986,School,D.Sims,Password1
Harper,Bullock,H.Bullock,Harper Bullock,Simple AD ,1671,School,H.Bullock,Password1
Roselyn,Stone,R.Stone,Roselyn Stone,Simple AD ,6664,School,R.Stone,Password1
Leanna,Tucker,L.Tucker,Leanna Tucker,Simple AD ,9841,School,L.Tucker,Password1
Emelia,Sellers,E.Sellers,Emelia Sellers,Simple AD ,5613,School,E.Sellers,Password1
Ada,Padilla,A.Padilla,Ada Padilla,Simple AD ,6937,School,A.Padilla,Password1
Lorenzo,Humphrey,L.Humphrey,Lorenzo Humphrey,Simple AD ,9938,School,L.Humphrey,Password1
Keenan,Hays,K.Hays,Keenan Hays,Simple AD ,4079,School,K.Hays,Password1
Angel,Thomas,A.Thomas,Angel Thomas,Simple AD ,5625,School,A.Thomas,Password1
Cassius,Pope,C.Pope,Cassius Pope,Simple AD ,7934,School,C.Pope,Password1
Alaina,Garner,A.Garner,Alaina Garner,Simple AD ,4680,School,A.Garner,Password1
Braxton,Palmer,B.Palmer,Braxton Palmer,Simple AD ,5898,School,B.Palmer,Password1
Damon,Watkins,D.Watkins,Damon Watkins,Simple AD ,9796,School,D.Watkins,Password1
Lane,Mccormick,L.Mccormick,Lane Mccormick,Simple AD ,5090,School,L.Mccormick,Password1
Gillian,Koch,G.Koch,Gillian Koch,Simple AD ,1378,School,G.Koch,Password1
Kody,Lozano,K.Lozano,Kody Lozano,Simple AD ,7267,School,K.Lozano,Password1
Walker,Andersen,W.Andersen,Walker Andersen,Simple AD ,5550,School,W.Andersen,Password1
Elsa,Crane,E.Crane,Elsa Crane,Simple AD ,8390,School,E.Crane,Password1
Bria,Blanchard,B.Blanchard,Bria Blanchard,Simple AD ,5898,School,B.Blanchard,Password1
Nathanial,Morales,N.Morales,Nathanial Morales,Simple AD ,3955,School,N.Morales,Password1
London,Kelly,L.Kelly,London Kelly,Simple AD ,8610,School,L.Kelly,Password1
Bridger,Patrick,B.Patrick,Bridger Patrick,Simple AD ,1389,School,B.Patrick,Password1
Samuel,Salazar,S.Salazar,Samuel Salazar,Simple AD ,3339,School,S.Salazar,Password1
Teagan,Kerr,T.Kerr,Teagan Kerr,Simple AD ,1135,School,T.Kerr,Password1
Harrison,Edwards,H.Edwards,Harrison Edwards,Simple AD ,6820,School,H.Edwards,Password1
Iyana,Dalton,I.Dalton,Iyana Dalton,Simple AD ,9488,School,I.Dalton,Password1
Yaritza,Barry,Y.Barry,Yaritza Barry,Simple AD ,8115,School,Y.Barry,Password1
Peyton,Williams,P.Williams,Peyton Williams,Simple AD ,6591,School,P.Williams,Password1
Franklin,French,F.French,Franklin French,Simple AD ,5435,School,F.French,Password1
Kira,Bautista,K.Bautista,Kira Bautista,Simple AD ,4770,School,K.Bautista,Password1
Jadyn,Arellano,J.Arellano,Jadyn Arellano,Simple AD ,4401,School,J.Arellano,Password1
Aarav,Cooper,A.Cooper,Aarav Cooper,Simple AD ,2850,School,A.Cooper,Password1
Khloe,Rhodes,K.Rhodes,Khloe Rhodes,Simple AD ,2652,School,K.Rhodes,Password1
Lilah,Stephenson,L.Stephenson,Lilah Stephenson,Simple AD ,7799,School,L.Stephenson,Password1
Terrell,Sweeney,T.Sweeney,Terrell Sweeney,Simple AD ,2503,School,T.Sweeney,Password1
Tyler,Vincent,T.Vincent,Tyler Vincent,Simple AD ,5105,School,T.Vincent,Password1
Brian,Wilcox,B.Wilcox,Brian Wilcox,Simple AD ,4315,School,B.Wilcox,Password1
Lincoln,Patton,L.Patton,Lincoln Patton,Simple AD ,8114,School,L.Patton,Password1
Charlie,Nash,C.Nash,Charlie Nash,Simple AD ,4085,School,C.Nash,Password1
Cierra,Mcmahon,C.Mcmahon,Cierra Mcmahon,Simple AD ,6114,School,C.Mcmahon,Password1
Adriel,Adkins,A.Adkins,Adriel Adkins,Simple AD ,3046,School,A.Adkins,Password1
Deborah,Mccarty,D.Mccarty,Deborah Mccarty,Simple AD ,3621,School,D.Mccarty,Password1
Rose,Soto,R.Soto,Rose Soto,Simple AD ,2421,School,R.Soto,Password1
Julius,Michael,J.Michael,Julius Michael,Simple AD ,9833,School,J.Michael,Password1
Reginald,Schroeder,R.Schroeder,Reginald Schroeder,Simple AD ,3875,School,R.Schroeder,Password1
Steven,Gibson,S.Gibson,Steven Gibson,Simple AD ,4230,School,S.Gibson,Password1
Matthew,Anderson,M.Anderson,Matthew Anderson,Simple AD ,6714,School,M.Anderson,Password1
Alana,Benton,A.Benton,Alana Benton,Simple AD ,8132,School,A.Benton,Password1
Malcolm,Conway,M.Conway,Malcolm Conway,Simple AD ,9848,School,M.Conway,Password1
Dayanara,Riggs,D.Riggs,Dayanara Riggs,Simple AD ,4872,School,D.Riggs,Password1
Evelyn,Todd,E.Todd,Evelyn Todd,Simple AD ,3985,School,E.Todd,Password1
Melany,Reid,M.Reid,Melany Reid,Simple AD ,1577,School,M.Reid,Password1
Drew,Terrell,D.Terrell,Drew Terrell,Simple AD ,3453,School,D.Terrell,Password1
Jaime,Le,J.Le,Jaime Le,Simple AD ,8269,School,J.Le,Password1
Carley,Mcbride,C.Mcbride,Carley Mcbride,Simple AD ,2186,School,C.Mcbride,Password1
Meadow,Evans,M.Evans,Meadow Evans,Simple AD ,2908,School,M.Evans,Password1
Harry,Meyer,H.Meyer,Harry Meyer,Simple AD ,8831,School,H.Meyer,Password1
Wayne,Green,W.Green,Wayne Green,Simple AD ,7304,School,W.Green,Password1
Ariella,Burke,A.Burke,Ariella Burke,Simple AD ,4139,School,A.Burke,Password1
Cortez,Osborn,C.Osborn,Cortez Osborn,Simple AD ,1743,School,C.Osborn,Password1
Noemi,Lowery,N.Lowery,Noemi Lowery,Simple AD ,4574,School,N.Lowery,Password1
Waylon,Stafford,W.Stafford,Waylon Stafford,Simple AD ,1734,School,W.Stafford,Password1
Derick,Deleon,D.Deleon,Derick Deleon,Simple AD ,6412,School,D.Deleon,Password1
Heath,Nixon,H.Nixon,Heath Nixon,Simple AD ,4755,School,H.Nixon,Password1
Lorelai,Lawson,L.Lawson,Lorelai Lawson,Simple AD ,8966,School,L.Lawson,Password1
Ryan,Villanueva,R.Villanueva,Ryan Villanueva,Simple AD ,2776,School,R.Villanueva,Password1
Ayanna,Lee,A.Lee,Ayanna Lee,Simple AD ,3586,School,A.Lee,Password1
Kendall,Hahn,K.Hahn,Kendall Hahn,Simple AD ,5657,School,K.Hahn,Password1
Linda,Jefferson,L.Jefferson,Linda Jefferson,Simple AD ,1752,School,L.Jefferson,Password1
Jaqueline,Mcpherson,J.Mcpherson,Jaqueline Mcpherson,Simple AD ,9061,School,J.Mcpherson,Password1
Jacey,Ewing,J.Ewing,Jacey Ewing,Simple AD ,5728,School,J.Ewing,Password1
Jayvon,Burgess,J.Burgess,Jayvon Burgess,Simple AD ,5861,School,J.Burgess,Password1
Walter,Joyce,W.Joyce,Walter Joyce,Simple AD ,1841,School,W.Joyce,Password1
Cristal,Gregory,C.Gregory,Cristal Gregory,Simple AD ,2895,School,C.Gregory,Password1
Jordin,Villegas,J.Villegas,Jordin Villegas,Simple AD ,8875,School,J.Villegas,Password1
Ashanti,Bush,A.Bush,Ashanti Bush,Simple AD ,3313,School,A.Bush,Password1
Shayla,Waller,S.Waller,Shayla Waller,Simple AD ,6788,School,S.Waller,Password1
Jamya,Navarro,J.Navarro,Jamya Navarro,Simple AD ,1676,School,J.Navarro,Password1
Kristina,Mayer,K.Mayer,Kristina Mayer,Simple AD ,9914,School,K.Mayer,Password1
Alexa,Barber,A.Barber,Alexa Barber,Simple AD ,6733,School,A.Barber,Password1
Ruth,Romero,R.Romero,Ruth Romero,Simple AD ,2216,School,R.Romero,Password1
Serenity,Neal,S.Neal,Serenity Neal,Simple AD ,6591,School,S.Neal,Password1
Destiney,Ramirez,D.Ramirez,Destiney Ramirez,Simple AD ,3081,School,D.Ramirez,Password1
Aspen,Gates,A.Gates,Aspen Gates,Simple AD ,3381,School,A.Gates,Password1
Desmond,Orozco,D.Orozco,Desmond Orozco,Simple AD ,8624,School,D.Orozco,Password1
Emily,Copeland,E.Copeland,Emily Copeland,Simple AD ,4432,School,E.Copeland,Password1
Isabella,Dickerson,I.Dickerson,Isabella Dickerson,Simple AD ,3500,School,I.Dickerson,Password1
Alivia,Ali,A.Ali,Alivia Ali,Simple AD ,1839,School,A.Ali,Password1
Maverick,Delgado,M.Delgado,Maverick Delgado,Simple AD ,6003,School,M.Delgado,Password1
Adolfo,Hughes,A.Hughes,Adolfo Hughes,Simple AD ,9511,School,A.Hughes,Password1
Felipe,Thornton,F.Thornton,Felipe Thornton,Simple AD ,8286,School,F.Thornton,Password1
Giuliana,Goodman,G.Goodman,Giuliana Goodman,Simple AD ,5112,School,G.Goodman,Password1
Zechariah,Perry,Z.Perry,Zechariah Perry,Simple AD ,8465,School,Z.Perry,Password1
Deandre,Rivera,D.Rivera,Deandre Rivera,Simple AD ,8641,School,D.Rivera,Password1
Lawrence,Freeman,L.Freeman,Lawrence Freeman,Simple AD ,5763,School,L.Freeman,Password1
Curtis,Orr,C.Orr,Curtis Orr,Simple AD ,7666,School,C.Orr,Password1
Lucy,Mejia,L.Mejia,Lucy Mejia,Simple AD ,8412,School,L.Mejia,Password1
Alondra,Stuart,A.Stuart,Alondra Stuart,Simple AD ,2921,School,A.Stuart,Password1
Jazmin,Cruz,J.Cruz,Jazmin Cruz,Simple AD ,9142,School,J.Cruz,Password1
Gabriel,Haynes,G.Haynes,Gabriel Haynes,Simple AD ,6360,School,G.Haynes,Password1
Dalton,Richardson,D.Richardson,Dalton Richardson,Simple AD ,5379,School,D.Richardson,Password1
Breanna,Dunlap,B.Dunlap,Breanna Dunlap,Simple AD ,7836,School,B.Dunlap,Password1
Stephanie,Miranda,S.Miranda,Stephanie Miranda,Simple AD ,8168,School,S.Miranda,Password1
Kobe,Hendricks,K.Hendricks,Kobe Hendricks,Simple AD ,6170,School,K.Hendricks,Password1
Ronnie,Davies,R.Davies,Ronnie Davies,Simple AD ,5623,School,R.Davies,Password1
Elisabeth,Downs,E.Downs,Elisabeth Downs,Simple AD ,5625,School,E.Downs,Password1
Maxim,Wolfe,M.Wolfe,Maxim Wolfe,Simple AD ,6809,School,M.Wolfe,Password1
Giada,Frank,G.Frank,Giada Frank,Simple AD ,1457,School,G.Frank,Password1
Allen,Logan,A.Logan,Allen Logan,Simple AD ,9901,School,A.Logan,Password1
Maya,Myers,M.Myers,Maya Myers,Simple AD ,1611,School,M.Myers,Password1
Abril,Wallace,A.Wallace,Abril Wallace,Simple AD ,2131,School,A.Wallace,Password1
Beckham,Moss,B.Moss,Beckham Moss,Simple AD ,8531,School,B.Moss,Password1
Braden,Roman,B.Roman,Braden Roman,Simple AD ,2859,School,B.Roman,Password1
Amaris,Holder,A.Holder,Amaris Holder,Simple AD ,3898,School,A.Holder,Password1
Catherine,Atkinson,C.Atkinson,Catherine Atkinson,Simple AD ,6720,School,C.Atkinson,Password1
Guillermo,Walls,G.Walls,Guillermo Walls,Simple AD ,7967,School,G.Walls,Password1
Serena,Lam,S.Lam,Serena Lam,Simple AD ,8533,School,S.Lam,Password1
Camden,Horne,C.Horne,Camden Horne,Simple AD ,7495,School,C.Horne,Password1
Cloe,Jarvis,C.Jarvis,Cloe Jarvis,Simple AD ,4496,School,C.Jarvis,Password1
Bryant,Avery,B.Avery,Bryant Avery,Simple AD ,4966,School,B.Avery,Password1
Paulina,Vazquez,P.Vazquez,Paulina Vazquez,Simple AD ,8998,School,P.Vazquez,Password1
Kaya,Bailey,K.Bailey,Kaya Bailey,Simple AD ,2032,School,K.Bailey,Password1
Gina,Greene,G.Greene,Gina Greene,Simple AD ,7882,School,G.Greene,Password1
Benjamin,Barnes,B.Barnes,Benjamin Barnes,Simple AD ,2840,School,B.Barnes,Password1
Lizbeth,Brennan,L.Brennan,Lizbeth Brennan,Simple AD ,4712,School,L.Brennan,Password1
Leticia,Moyer,L.Moyer,Leticia Moyer,Simple AD ,6939,School,L.Moyer,Password1
Lorelei,Mcgee,L.Mcgee,Lorelei Mcgee,Simple AD ,4533,School,L.Mcgee,Password1
Dominick,Lynch,D.Lynch,Dominick Lynch,Simple AD ,5930,School,D.Lynch,Password1
Ryann,Cook,R.Cook,Ryann Cook,Simple AD ,4520,School,R.Cook,Password1
Helen,York,H.York,Helen York,Simple AD ,6689,School,H.York,Password1
Braylen,Delacruz,B.Delacruz,Braylen Delacruz,Simple AD ,4861,School,B.Delacruz,Password1
Brogan,Rush,B.Rush,Brogan Rush,Simple AD ,7282,School,B.Rush,Password1
Giselle,Hinton,G.Hinton,Giselle Hinton,Simple AD ,5492,School,G.Hinton,Password1
Terrence,Glass,T.Glass,Terrence Glass,Simple AD ,3666,School,T.Glass,Password1
Brendon,Murray,B.Murray,Brendon Murray,Simple AD ,2458,School,B.Murray,Password1
Zariah,Kaufman,Z.Kaufman,Zariah Kaufman,Simple AD ,2881,School,Z.Kaufman,Password1
Ayaan,Gill,A.Gill,Ayaan Gill,Simple AD ,8950,School,A.Gill,Password1
Jessie,Wheeler,J.Wheeler,Jessie Wheeler,Simple AD ,7347,School,J.Wheeler,Password1
Axel,Potter,A.Potter,Axel Potter,Simple AD ,6832,School,A.Potter,Password1
Braelyn,Ryan,B.Ryan,Braelyn Ryan,Simple AD ,2531,School,B.Ryan,Password1
Saige,Griffin,S.Griffin,Saige Griffin,Simple AD ,4208,School,S.Griffin,Password1
Kamari,Wilkins,K.Wilkins,Kamari Wilkins,Simple AD ,8156,School,K.Wilkins,Password1
Destiny,Acevedo,D.Acevedo,Destiny Acevedo,Simple AD ,8760,School,D.Acevedo,Password1
Moriah,Hartman,M.Hartman,Moriah Hartman,Simple AD ,1715,School,M.Hartman,Password1
Lindsay,Gonzalez,L.Gonzalez,Lindsay Gonzalez,Simple AD ,8801,School,L.Gonzalez,Password1
Tony,Herring,T.Herring,Tony Herring,Simple AD ,6965,School,T.Herring,Password1
Denise,Wu,D.Wu,Denise Wu,Simple AD ,4186,School,D.Wu,Password1
Yael,Douglas,Y.Douglas,Yael Douglas,Simple AD ,2708,School,Y.Douglas,Password1
Niko,Collier,N.Collier,Niko Collier,Simple AD ,1930,School,N.Collier,Password1
Carolyn,Saunders,C.Saunders,Carolyn Saunders,Simple AD ,2681,School,C.Saunders,Password1
Cedric,Weaver,C.Weaver,Cedric Weaver,Simple AD ,3883,School,C.Weaver,Password1
Deanna,Glenn,D.Glenn,Deanna Glenn,Simple AD ,6096,School,D.Glenn,Password1
Madeline,Bennett,M.Bennett,Madeline Bennett,Simple AD ,6558,School,M.Bennett,Password1
Aldo,Sanders,A.Sanders,Aldo Sanders,Simple AD ,1996,School,A.Sanders,Password1
Thaddeus,Colon,T.Colon,Thaddeus Colon,Simple AD ,7164,School,T.Colon,Password1
Odin,Skinner,O.Skinner,Odin Skinner,Simple AD ,8190,School,O.Skinner,Password1
Joaquin,Gomez,J.Gomez,Joaquin Gomez,Simple AD ,6821,School,J.Gomez,Password1
Hailie,Reyes,H.Reyes,Hailie Reyes,Simple AD ,1281,School,H.Reyes,Password1
Ruben,Collins,R.Collins,Ruben Collins,Simple AD ,3665,School,R.Collins,Password1
Eliza,Nielsen,E.Nielsen,Eliza Nielsen,Simple AD ,8510,School,E.Nielsen,Password1
Brynlee,Schneider,B.Schneider,Brynlee Schneider,Simple AD ,9222,School,B.Schneider,Password1
Gemma,Schaefer,G.Schaefer,Gemma Schaefer,Simple AD ,3122,School,G.Schaefer,Password1
Aileen,Robles,A.Robles,Aileen Robles,Simple AD ,3053,School,A.Robles,Password1
Desiree,Wyatt,D.Wyatt,Desiree Wyatt,Simple AD ,3524,School,D.Wyatt,Password1
Royce,Stanton,R.Stanton,Royce Stanton,Simple AD ,7296,School,R.Stanton,Password1
Dashawn,Mclaughlin,D.Mclaughlin,Dashawn Mclaughlin,Simple AD ,5688,School,D.Mclaughlin,Password1
Myla,Stephens,M.Stephens,Myla Stephens,Simple AD ,4777,School,M.Stephens,Password1
Lucian,Black,L.Black,Lucian Black,Simple AD ,2487,School,L.Black,Password1
Jovani,Gonzales,J.Gonzales,Jovani Gonzales,Simple AD ,7966,School,J.Gonzales,Password1
Jaidyn,Santos,J.Santos,Jaidyn Santos,Simple AD ,1248,School,J.Santos,Password1
Keagan,Lutz,K.Lutz,Keagan Lutz,Simple AD ,9910,School,K.Lutz,Password1
Emerson,Ochoa,E.Ochoa,Emerson Ochoa,Simple AD ,4415,School,E.Ochoa,Password1
Audrey,Simmons,A.Simmons,Audrey Simmons,Simple AD ,1066,School,A.Simmons,Password1
Milo,Conley,M.Conley,Milo Conley,Simple AD ,9816,School,M.Conley,Password1
Byron,Herman,B.Herman,Byron Herman,Simple AD ,7789,School,B.Herman,Password1
Isaac,Weber,I.Weber,Isaac Weber,Simple AD ,7582,School,I.Weber,Password1
Noah,Bell,N.Bell,Noah Bell,Simple AD ,7086,School,N.Bell,Password1
Micaela,Baldwin,M.Baldwin,Micaela Baldwin,Simple AD ,4666,School,M.Baldwin,Password1
Hamza,Tran,H.Tran,Hamza Tran,Simple AD ,1587,School,H.Tran,Password1
Manuel,Mcintosh,M.Mcintosh,Manuel Mcintosh,Simple AD ,1266,School,M.Mcintosh,Password1
Giovanna,Morrow,G.Morrow,Giovanna Morrow,Simple AD ,7546,School,G.Morrow,Password1
Kamora,Decker,K.Decker,Kamora Decker,Simple AD ,7054,School,K.Decker,Password1
Athena,Calhoun,A.Calhoun,Athena Calhoun,Simple AD ,3418,School,A.Calhoun,Password1
Brielle,Pace,B.Pace,Brielle Pace,Simple AD ,7547,School,B.Pace,Password1
Leonard,Haas,L.Haas,Leonard Haas,Simple AD ,4346,School,L.Haas,Password1
Miriam,Mclean,M.Mclean,Miriam Mclean,Simple AD ,5382,School,M.Mclean,Password1
Mckayla,Ferguson,M.Ferguson,Mckayla Ferguson,Simple AD ,4704,School,M.Ferguson,Password1
Gael,Levine,G.Levine,Gael Levine,Simple AD ,3457,School,G.Levine,Password1
Shaun,Schmitt,S.Schmitt,Shaun Schmitt,Simple AD ,6625,School,S.Schmitt,Password1
Maddison,Banks,M.Banks,Maddison Banks,Simple AD ,2526,School,M.Banks,Password1
Yareli,Clements,Y.Clements,Yareli Clements,Simple AD ,5192,School,Y.Clements,Password1
Natalia,Ashley,N.Ashley,Natalia Ashley,Simple AD ,9148,School,N.Ashley,Password1
Cameron,Austin,C.Austin,Cameron Austin,Simple AD ,6745,School,C.Austin,Password1
Sadie,Li,S.Li,Sadie Li,Simple AD ,6916,School,S.Li,Password1
Bronson,Trevino,B.Trevino,Bronson Trevino,Simple AD ,3874,School,B.Trevino,Password1
Kiersten,Fisher,K.Fisher,Kiersten Fisher,Simple AD ,2497,School,K.Fisher,Password1
Davon,Phillips,D.Phillips,Davon Phillips,Simple AD ,6919,School,D.Phillips,Password1
Rhys,Farrell,R.Farrell,Rhys Farrell,Simple AD ,4969,School,R.Farrell,Password1
Lia,Fleming,L.Fleming,Lia Fleming,Simple AD ,7887,School,L.Fleming,Password1
Nina,Gardner,N.Gardner,Nina Gardner,Simple AD ,2264,School,N.Gardner,Password1
Ann,Marks,A.Marks,Ann Marks,Simple AD ,7005,School,A.Marks,Password1
Marley,Juarez,M.Juarez,Marley Juarez,Simple AD ,6183,School,M.Juarez,Password1
Philip,George,P.George,Philip George,Simple AD ,9622,School,P.George,Password1
Carlos,Cross,C.Cross,Carlos Cross,Simple AD ,2815,School,C.Cross,Password1
Victor,Forbes,V.Forbes,Victor Forbes,Simple AD ,9198,School,V.Forbes,Password1
Olivia,Beard,O.Beard,Olivia Beard,Simple AD ,8045,School,O.Beard,Password1
Christopher,James,C.James,Christopher James,Simple AD ,9196,School,C.James,Password1
Janessa,Guerra,J.Guerra,Janessa Guerra,Simple AD ,7494,School,J.Guerra,Password1
Moises,Crawford,M.Crawford,Moises Crawford,Simple AD ,8080,School,M.Crawford,Password1
Karley,Noble,K.Noble,Karley Noble,Simple AD ,5632,School,K.Noble,Password1
Tanya,Mora,T.Mora,Tanya Mora,Simple AD ,2283,School,T.Mora,Password1
Jameson,Ray,J.Ray,Jameson Ray,Simple AD ,5933,School,J.Ray,Password1
Alani,Cannon,A.Cannon,Alani Cannon,Simple AD ,7101,School,A.Cannon,Password1
Luca,Fritz,L.Fritz,Luca Fritz,Simple AD ,5144,School,L.Fritz,Password1
Fernando,Murphy,F.Murphy,Fernando Murphy,Simple AD ,4931,School,F.Murphy,Password1
Russell,Ho,R.Ho,Russell Ho,Simple AD ,4847,School,R.Ho,Password1
Maddox,Steele,M.Steele,Maddox Steele,Simple AD ,9604,School,M.Steele,Password1
Ellie,Costa,E.Costa,Ellie Costa,Simple AD ,7434,School,E.Costa,Password1
Kamari,Harmon,K.Harmon,Kamari Harmon,Simple AD ,9455,School,K.Harmon,Password1
Shiloh,Lin,S.Lin,Shiloh Lin,Simple AD ,1423,School,S.Lin,Password1
Rylee,Bowers,R.Bowers,Rylee Bowers,Simple AD ,3439,School,R.Bowers,Password1
Lea,Harrison,L.Harrison,Lea Harrison,Simple AD ,7976,School,L.Harrison,Password1
Marie,Ward,M.Ward,Marie Ward,Simple AD ,2871,School,M.Ward,Password1
Neil,Rasmussen,N.Rasmussen,Neil Rasmussen,Simple AD ,6905,School,N.Rasmussen,Password1
Donovan,Cherry,D.Cherry,Donovan Cherry,Simple AD ,6250,School,D.Cherry,Password1
Jackson,Bass,J.Bass,Jackson Bass,Simple AD ,5812,School,J.Bass,Password1
Amani,Escobar,A.Escobar,Amani Escobar,Simple AD ,6850,School,A.Escobar,Password1
Megan,Key,M.Key,Megan Key,Simple AD ,2920,School,M.Key,Password1
Rafael,Rogers,R.Rogers,Rafael Rogers,Simple AD ,6069,School,R.Rogers,Password1
Ansley,Henderson,A.Henderson,Ansley Henderson,Simple AD ,1882,School,A.Henderson,Password1
Alayna,Donaldson,A.Donaldson,Alayna Donaldson,Simple AD ,6478,School,A.Donaldson,Password1
Jaiden,Dillon,J.Dillon,Jaiden Dillon,Simple AD ,4807,School,J.Dillon,Password1
Lee,Vega,L.Vega,Lee Vega,Simple AD ,3936,School,L.Vega,Password1
Chloe,Martinez,C.Martinez,Chloe Martinez,Simple AD ,9291,School,C.Martinez,Password1
Shania,Blankenship,S.Blankenship,Shania Blankenship,Simple AD ,1529,School,S.Blankenship,Password1
Glenn,Shepherd,G.Shepherd,Glenn Shepherd,Simple AD ,2670,School,G.Shepherd,Password1
Aliana,Lewis,A.Lewis,Aliana Lewis,Simple AD ,7804,School,A.Lewis,Password1
Darnell,Payne,D.Payne,Darnell Payne,Simple AD ,5453,School,D.Payne,Password1
Charity,Baker,C.Baker,Charity Baker,Simple AD ,8726,School,C.Baker,Password1
Nathen,Mcfarland,N.Mcfarland,Nathen Mcfarland,Simple AD ,1795,School,N.Mcfarland,Password1
Iliana,Mathews,I.Mathews,Iliana Mathews,Simple AD ,3928,School,I.Mathews,Password1
Ralph,Buck,R.Buck,Ralph Buck,Simple AD ,6266,School,R.Buck,Password1
Addison,Marquez,A.Marquez,Addison Marquez,Simple AD ,4561,School,A.Marquez,Password1
Ashleigh,Carney,A.Carney,Ashleigh Carney,Simple AD ,2369,School,A.Carney,Password1
Caden,Everett,C.Everett,Caden Everett,Simple AD ,7199,School,C.Everett,Password1
Guadalupe,Robbins,G.Robbins,Guadalupe Robbins,Simple AD ,5350,School,G.Robbins,Password1
Nash,Ware,N.Ware,Nash Ware,Simple AD ,9265,School,N.Ware,Password1
Kaylin,Kaiser,K.Kaiser,Kaylin Kaiser,Simple AD ,6080,School,K.Kaiser,Password1
Zack,Morse,Z.Morse,Zack Morse,Simple AD ,8212,School,Z.Morse,Password1
Clay,Washington,C.Washington,Clay Washington,Simple AD ,6594,School,C.Washington,Password1
Lilly,Winters,L.Winters,Lilly Winters,Simple AD ,4567,School,L.Winters,Password1
Cristian,Bowman,C.Bowman,Cristian Bowman,Simple AD ,4900,School,C.Bowman,Password1
Marshall,Terry,M.Terry,Marshall Terry,Simple AD ,9696,School,M.Terry,Password1
Louis,Salinas,L.Salinas,Louis Salinas,Simple AD ,9670,School,L.Salinas,Password1
Sean,Rivers,S.Rivers,Sean Rivers,Simple AD ,1679,School,S.Rivers,Password1
Elianna,Richard,E.Richard,Elianna Richard,Simple AD ,8376,School,E.Richard,Password1
Gunner,Short,G.Short,Gunner Short,Simple AD ,2654,School,G.Short,Password1
Devin,Mahoney,D.Mahoney,Devin Mahoney,Simple AD ,7869,School,D.Mahoney,Password1
Salvador,Stark,S.Stark,Salvador Stark,Simple AD ,7893,School,S.Stark,Password1
Kadin,Mcconnell,K.Mcconnell,Kadin Mcconnell,Simple AD ,4344,School,K.Mcconnell,Password1
Frances,Schwartz,F.Schwartz,Frances Schwartz,Simple AD ,3493,School,F.Schwartz,Password1
Amira,Leonard,A.Leonard,Amira Leonard,Simple AD ,5238,School,A.Leonard,Password1
Blaine,Camacho,B.Camacho,Blaine Camacho,Simple AD ,5740,School,B.Camacho,Password1
Olive,Bruce,O.Bruce,Olive Bruce,Simple AD ,6443,School,O.Bruce,Password1
Logan,Browning,L.Browning,Logan Browning,Simple AD ,6284,School,L.Browning,Password1
Elena,Lane,E.Lane,Elena Lane,Simple AD ,9126,School,E.Lane,Password1
Brandon,Harding,B.Harding,Brandon Harding,Simple AD ,2381,School,B.Harding,Password1
Jazlynn,Liu,J.Liu,Jazlynn Liu,Simple AD ,3110,School,J.Liu,Password1
Ishaan,Gross,I.Gross,Ishaan Gross,Simple AD ,9009,School,I.Gross,Password1
Annabel,Valenzuela,A.Valenzuela,Annabel Valenzuela,Simple AD ,3912,School,A.Valenzuela,Password1
Lilyana,Church,L.Church,Lilyana Church,Simple AD ,9314,School,L.Church,Password1
Zaid,Hammond,Z.Hammond,Zaid Hammond,Simple AD ,2242,School,Z.Hammond,Password1
Shaniya,Diaz,S.Diaz,Shaniya Diaz,Simple AD ,5201,School,S.Diaz,Password1
Davin,Patterson,D.Patterson,Davin Patterson,Simple AD ,4738,School,D.Patterson,Password1
Saniya,Hardin,S.Hardin,Saniya Hardin,Simple AD ,2459,School,S.Hardin,Password1
Aliyah,Johns,A.Johns,Aliyah Johns,Simple AD ,3728,School,A.Johns,Password1
Viviana,Montoya,V.Montoya,Viviana Montoya,Simple AD ,6483,School,V.Montoya,Password1
Irvin,Carson,I.Carson,Irvin Carson,Simple AD ,8555,School,I.Carson,Password1
Kasen,Miller,K.Miller,Kasen Miller,Simple AD ,8048,School,K.Miller,Password1
Corey,Owens,C.Owens,Corey Owens,Simple AD ,9869,School,C.Owens,Password1
Kianna,Suarez,K.Suarez,Kianna Suarez,Simple AD ,7859,School,K.Suarez,Password1
Dane,Melendez,D.Melendez,Dane Melendez,Simple AD ,3655,School,D.Melendez,Password1
Chasity,Small,C.Small,Chasity Small,Simple AD ,2514,School,C.Small,Password1
Branden,Long,B.Long,Branden Long,Simple AD ,7833,School,B.Long,Password1
Trenton,Warner,T.Warner,Trenton Warner,Simple AD ,2431,School,T.Warner,Password1
Alex,Esparza,A.Esparza,Alex Esparza,Simple AD ,7073,School,A.Esparza,Password1
Amya,Stevenson,A.Stevenson,Amya Stevenson,Simple AD ,5043,School,A.Stevenson,Password1
Justine,Carrillo,J.Carrillo,Justine Carrillo,Simple AD ,6556,School,J.Carrillo,Password1
Rigoberto,Chan,R.Chan,Rigoberto Chan,Simple AD ,6222,School,R.Chan,Password1
Adeline,Greer,A.Greer,Adeline Greer,Simple AD ,3427,School,A.Greer,Password1
Amiyah,Cohen,A.Cohen,Amiyah Cohen,Simple AD ,1703,School,A.Cohen,Password1
Belen,Vaughn,B.Vaughn,Belen Vaughn,Simple AD ,9793,School,B.Vaughn,Password1
Phoebe,Kent,P.Kent,Phoebe Kent,Simple AD ,3415,School,P.Kent,Password1
Annabelle,Chen,A.Chen,Annabelle Chen,Simple AD ,4550,School,A.Chen,Password1
Tristin,Marshall,T.Marshall,Tristin Marshall,Simple AD ,9695,School,T.Marshall,Password1
Mckinley,Choi,M.Choi,Mckinley Choi,Simple AD ,6793,School,M.Choi,Password1
Vicente,Kirk,V.Kirk,Vicente Kirk,Simple AD ,7166,School,V.Kirk,Password1
Shamar,Cummings,S.Cummings,Shamar Cummings,Simple AD ,9787,School,S.Cummings,Password1
Haleigh,Robertson,H.Robertson,Haleigh Robertson,Simple AD ,6002,School,H.Robertson,Password1
Jaxon,Ponce,J.Ponce,Jaxon Ponce,Simple AD ,7257,School,J.Ponce,Password1
Jacoby,Lara,J.Lara,Jacoby Lara,Simple AD ,4812,School,J.Lara,Password1
Jaidyn,Campbell,J.Campbell,Jaidyn Campbell,Simple AD ,7581,School,J.Campbell,Password1
Keaton,David,K.David,Keaton David,Simple AD ,7634,School,K.David,Password1
Carleigh,Fletcher,C.Fletcher,Carleigh Fletcher,Simple AD ,4424,School,C.Fletcher,Password1
Roger,Good,R.Good,Roger Good,Simple AD ,2055,School,R.Good,Password1
Isabelle,King,I.King,Isabelle King,Simple AD ,5155,School,I.King,Password1
Nola,Hardy,N.Hardy,Nola Hardy,Simple AD ,7373,School,N.Hardy,Password1
Kennedi,Willis,K.Willis,Kennedi Willis,Simple AD ,4828,School,K.Willis,Password1
Hayden,Brewer,H.Brewer,Hayden Brewer,Simple AD ,6492,School,H.Brewer,Password1
Jakobe,Stein,J.Stein,Jakobe Stein,Simple AD ,1686,School,J.Stein,Password1
Keegan,Chase,K.Chase,Keegan Chase,Simple AD ,8017,School,K.Chase,Password1
Karlie,Chung,K.Chung,Karlie Chung,Simple AD ,5092,School,K.Chung,Password1
Ashlyn,Mcdowell,A.Mcdowell,Ashlyn Mcdowell,Simple AD ,7001,School,A.Mcdowell,Password1
Mira,Goodwin,M.Goodwin,Mira Goodwin,Simple AD ,8508,School,M.Goodwin,Password1
Susan,Alexander,S.Alexander,Susan Alexander,Simple AD ,2499,School,S.Alexander,Password1
Silas,Jenkins,S.Jenkins,Silas Jenkins,Simple AD ,1372,School,S.Jenkins,Password1
Solomon,Fry,S.Fry,Solomon Fry,Simple AD ,2034,School,S.Fry,Password1
Wesley,Hatfield,W.Hatfield,Wesley Hatfield,Simple AD ,6622,School,W.Hatfield,Password1
Carter,Zimmerman,C.Zimmerman,Carter Zimmerman,Simple AD ,6269,School,C.Zimmerman,Password1
Madilyn,Chandler,M.Chandler,Madilyn Chandler,Simple AD ,9759,School,M.Chandler,Password1
Mckenzie,Barr,M.Barr,Mckenzie Barr,Simple AD ,2622,School,M.Barr,Password1
Callum,Zuniga,C.Zuniga,Callum Zuniga,Simple AD ,8958,School,C.Zuniga,Password1
Carmen,Mcgrath,C.Mcgrath,Carmen Mcgrath,Simple AD ,4473,School,C.Mcgrath,Password1
Cristina,Butler,C.Butler,Cristina Butler,Simple AD ,2185,School,C.Butler,Password1
Davis,Tyler,D.Tyler,Davis Tyler,Simple AD ,3113,School,D.Tyler,Password1
Maurice,Rangel,M.Rangel,Maurice Rangel,Simple AD ,6678,School,M.Rangel,Password1
Cesar,Branch,C.Branch,Cesar Branch,Simple AD ,1212,School,C.Branch,Password1
Selah,Mills,S.Mills,Selah Mills,Simple AD ,9364,School,S.Mills,Password1
Janae,Petty,J.Petty,Janae Petty,Simple AD ,2284,School,J.Petty,Password1
Aylin,Graham,A.Graham,Aylin Graham,Simple AD ,2158,School,A.Graham,Password1
Makena,Alvarez,M.Alvarez,Makena Alvarez,Simple AD ,6797,School,M.Alvarez,Password1
Jada,Hodges,J.Hodges,Jada Hodges,Simple AD ,7614,School,J.Hodges,Password1
Adalyn,Coffey,A.Coffey,Adalyn Coffey,Simple AD ,4611,School,A.Coffey,Password1
Kailey,Ball,K.Ball,Kailey Ball,Simple AD ,4583,School,K.Ball,Password1
Simeon,House,S.House,Simeon House,Simple AD ,4677,School,S.House,Password1
Greta,Powers,G.Powers,Greta Powers,Simple AD ,5604,School,G.Powers,Password1
Genesis,Vance,G.Vance,Genesis Vance,Simple AD ,6054,School,G.Vance,Password1
Maci,Townsend,M.Townsend,Maci Townsend,Simple AD ,6167,School,M.Townsend,Password1
Killian,Leach,K.Leach,Killian Leach,Simple AD ,1538,School,K.Leach,Password1
Kayley,Valdez,K.Valdez,Kayley Valdez,Simple AD ,4260,School,K.Valdez,Password1
Kailee,Lindsey,K.Lindsey,Kailee Lindsey,Simple AD ,6121,School,K.Lindsey,Password1
Estrella,Peck,E.Peck,Estrella Peck,Simple AD ,9120,School,E.Peck,Password1
Zane,Roy,Z.Roy,Zane Roy,Simple AD ,5069,School,Z.Roy,Password1
Nathalie,Leblanc,N.Leblanc,Nathalie Leblanc,Simple AD ,2119,School,N.Leblanc,Password1
Kenneth,Briggs,K.Briggs,Kenneth Briggs,Simple AD ,5474,School,K.Briggs,Password1
Kayla,Cole,K.Cole,Kayla Cole,Simple AD ,2895,School,K.Cole,Password1
Cristopher,Stokes,C.Stokes,Cristopher Stokes,Simple AD ,2254,School,C.Stokes,Password1
Santos,Anthony,S.Anthony,Santos Anthony,Simple AD ,7516,School,S.Anthony,Password1
Leyla,Bentley,L.Bentley,Leyla Bentley,Simple AD ,7138,School,L.Bentley,Password1
Kareem,Fitzgerald,K.Fitzgerald,Kareem Fitzgerald,Simple AD ,5249,School,K.Fitzgerald,Password1
Jamie,Jensen,J.Jensen,Jamie Jensen,Simple AD ,7470,School,J.Jensen,Password1
Braedon,Mack,B.Mack,Braedon Mack,Simple AD ,6471,School,B.Mack,Password1
Jillian,Dixon,J.Dixon,Jillian Dixon,Simple AD ,6787,School,J.Dixon,Password1
Ivy,Curry,I.Curry,Ivy Curry,Simple AD ,8647,School,I.Curry,Password1
Miranda,Bishop,M.Bishop,Miranda Bishop,Simple AD ,1352,School,M.Bishop,Password1
Korbin,Rivas,K.Rivas,Korbin Rivas,Simple AD ,5101,School,K.Rivas,Password1
Nadia,Gray,N.Gray,Nadia Gray,Simple AD ,4046,School,N.Gray,Password1
Camron,Munoz,C.Munoz,Camron Munoz,Simple AD ,1244,School,C.Munoz,Password1
Finley,Maynard,F.Maynard,Finley Maynard,Simple AD ,4762,School,F.Maynard,Password1
Meghan,Huff,M.Huff,Meghan Huff,Simple AD ,3114,School,M.Huff,Password1
Lilliana,Nicholson,L.Nicholson,Lilliana Nicholson,Simple AD ,3998,School,L.Nicholson,Password1
Kaiden,Shah,K.Shah,Kaiden Shah,Simple AD ,5046,School,K.Shah,Password1
Aliya,Keith,A.Keith,Aliya Keith,Simple AD ,6139,School,A.Keith,Password1
Keyla,Larson,K.Larson,Keyla Larson,Simple AD ,6883,School,K.Larson,Password1
Sebastian,Shields,S.Shields,Sebastian Shields,Simple AD ,1548,School,S.Shields,Password1
Brett,Solomon,B.Solomon,Brett Solomon,Simple AD ,1771,School,B.Solomon,Password1
Ian,Finley,I.Finley,Ian Finley,Simple AD ,1968,School,I.Finley,Password1
Jamarion,Dyer,J.Dyer,Jamarion Dyer,Simple AD ,8319,School,J.Dyer,Password1
Yusuf,Kramer,Y.Kramer,Yusuf Kramer,Simple AD ,5481,School,Y.Kramer,Password1
Israel,Bridges,I.Bridges,Israel Bridges,Simple AD ,6794,School,I.Bridges,Password1
Trevin,Porter,T.Porter,Trevin Porter,Simple AD ,6112,School,T.Porter,Password1
Michaela,Allison,M.Allison,Michaela Allison,Simple AD ,7377,School,M.Allison,Password1
Hallie,Mayo,H.Mayo,Hallie Mayo,Simple AD ,1057,School,H.Mayo,Password1
Corinne,Daugherty,C.Daugherty,Corinne Daugherty,Simple AD ,9322,School,C.Daugherty,Password1
Katelynn,Sutton,K.Sutton,Katelynn Sutton,Simple AD ,2923,School,K.Sutton,Password1
Tabitha,Hebert,T.Hebert,Tabitha Hebert,Simple AD ,4940,School,T.Hebert,Password1
Annie,Hickman,A.Hickman,Annie Hickman,Simple AD ,8150,School,A.Hickman,Password1
Ashton,Sanchez,A.Sanchez,Ashton Sanchez,Simple AD ,7478,School,A.Sanchez,Password1
Coleman,Ingram,C.Ingram,Coleman Ingram,Simple AD ,2536,School,C.Ingram,Password1
Bailee,Cardenas,B.Cardenas,Bailee Cardenas,Simple AD ,7800,School,B.Cardenas,Password1
Johnny,Hess,J.Hess,Johnny Hess,Simple AD ,6925,School,J.Hess,Password1
Crystal,Santiago,C.Santiago,Crystal Santiago,Simple AD ,4211,School,C.Santiago,Password1
Evangeline,Coleman,E.Coleman,Evangeline Coleman,Simple AD ,5285,School,E.Coleman,Password1
Lewis,Dominguez,L.Dominguez,Lewis Dominguez,Simple AD ,6421,School,L.Dominguez,Password1
Diamond,Lang,D.Lang,Diamond Lang,Simple AD ,1204,School,D.Lang,Password1
Ryan,Spencer,R.Spencer,Ryan Spencer,Simple AD ,2198,School,R.Spencer,Password1
Lara,Hester,L.Hester,Lara Hester,Simple AD ,1882,School,L.Hester,Password1
Fiona,Day,F.Day,Fiona Day,Simple AD ,9050,School,F.Day,Password1
Elisha,Allen,E.Allen,Elisha Allen,Simple AD ,1867,School,E.Allen,Password1
Lexi,Jacobson,L.Jacobson,Lexi Jacobson,Simple AD ,6934,School,L.Jacobson,Password1
Kennedy,Melton,K.Melton,Kennedy Melton,Simple AD ,9686,School,K.Melton,Password1
Kenyon,Pittman,K.Pittman,Kenyon Pittman,Simple AD ,9078,School,K.Pittman,Password1
Gianni,Acosta,G.Acosta,Gianni Acosta,Simple AD ,8077,School,G.Acosta,Password1
Shirley,Watts,S.Watts,Shirley Watts,Simple AD ,7081,School,S.Watts,Password1
Cecelia,Moses,C.Moses,Cecelia Moses,Simple AD ,2804,School,C.Moses,Password1
Abigayle,Mccarthy,A.Mccarthy,Abigayle Mccarthy,Simple AD ,5065,School,A.Mccarthy,Password1
Arnav,Taylor,A.Taylor,Arnav Taylor,Simple AD ,8772,School,A.Taylor,Password1
Salma,Watson,S.Watson,Salma Watson,Simple AD ,8866,School,S.Watson,Password1
Mason,Kemp,M.Kemp,Mason Kemp,Simple AD ,2577,School,M.Kemp,Password1
Isis,Fuller,I.Fuller,Isis Fuller,Simple AD ,1447,School,I.Fuller,Password1
River,Rios,R.Rios,River Rios,Simple AD ,9015,School,R.Rios,Password1
Marlie,Wilson,M.Wilson,Marlie Wilson,Simple AD ,2453,School,M.Wilson,Password1
Lennon,Davis,L.Davis,Lennon Davis,Simple AD ,6862,School,L.Davis,Password1
Rodolfo,Krueger,R.Krueger,Rodolfo Krueger,Simple AD ,1552,School,R.Krueger,Password1
Natalya,Lopez,N.Lopez,Natalya Lopez,Simple AD ,3757,School,N.Lopez,Password1
Deon,Hogan,D.Hogan,Deon Hogan,Simple AD ,1654,School,D.Hogan,Password1
Chaim,Pollard,C.Pollard,Chaim Pollard,Simple AD ,2261,School,C.Pollard,Password1
Billy,Hull,B.Hull,Billy Hull,Simple AD ,6218,School,B.Hull,Password1
Colin,Mueller,C.Mueller,Colin Mueller,Simple AD ,2201,School,C.Mueller,Password1
Amelia,Macdonald,A.Macdonald,Amelia Macdonald,Simple AD ,4906,School,A.Macdonald,Password1
Saul,Garrison,S.Garrison,Saul Garrison,Simple AD ,2508,School,S.Garrison,Password1
Jadyn,Friedman,J.Friedman,Jadyn Friedman,Simple AD ,5975,School,J.Friedman,Password1
Nikhil,Cochran,N.Cochran,Nikhil Cochran,Simple AD ,3198,School,N.Cochran,Password1
Alexandra,Mccullough,A.Mccullough,Alexandra Mccullough,Simple AD ,9175,School,A.Mccullough,Password1
Darien,Moody,D.Moody,Darien Moody,Simple AD ,8587,School,D.Moody,Password1
Lacey,Hawkins,L.Hawkins,Lacey Hawkins,Simple AD ,4762,School,L.Hawkins,Password1
Ramon,Parrish,R.Parrish,Ramon Parrish,Simple AD ,6494,School,R.Parrish,Password1
Yasmine,Dunn,Y.Dunn,Yasmine Dunn,Simple AD ,6201,School,Y.Dunn,Password1
Clara,Santana,C.Santana,Clara Santana,Simple AD ,7171,School,C.Santana,Password1
Shawn,Chapman,S.Chapman,Shawn Chapman,Simple AD ,7989,School,S.Chapman,Password1
Anton,Cordova,A.Cordova,Anton Cordova,Simple AD ,5828,School,A.Cordova,Password1
Chad,Madden,C.Madden,Chad Madden,Simple AD ,4012,School,C.Madden,Password1
Julio,Lowe,J.Lowe,Julio Lowe,Simple AD ,4370,School,J.Lowe,Password1
Ibrahim,Velasquez,I.Velasquez,Ibrahim Velasquez,Simple AD ,3428,School,I.Velasquez,Password1
Jamar,Shea,J.Shea,Jamar Shea,Simple AD ,5335,School,J.Shea,Password1
Monserrat,Booker,M.Booker,Monserrat Booker,Simple AD ,3132,School,M.Booker,Password1
William,Henson,W.Henson,William Henson,Simple AD ,3274,School,W.Henson,Password1
Lauryn,Grant,L.Grant,Lauryn Grant,Simple AD ,9338,School,L.Grant,Password1
Rolando,Jackson,R.Jackson,Rolando Jackson,Simple AD ,4285,School,R.Jackson,Password1
Elliott,Roth,E.Roth,Elliott Roth,Simple AD ,3275,School,E.Roth,Password1
Cora,Boyer,C.Boyer,Cora Boyer,Simple AD ,1059,School,C.Boyer,Password1
Mollie,Spears,M.Spears,Mollie Spears,Simple AD ,4369,School,M.Spears,Password1
Dylan,Charles,D.Charles,Dylan Charles,Simple AD ,9586,School,D.Charles,Password1
Zoey,Horn,Z.Horn,Zoey Horn,Simple AD ,3943,School,Z.Horn,Password1
Felix,Castaneda,F.Castaneda,Felix Castaneda,Simple AD ,2242,School,F.Castaneda,Password1
Isabel,Drake,I.Drake,Isabel Drake,Simple AD ,9014,School,I.Drake,Password1
Tyson,Shaffer,T.Shaffer,Tyson Shaffer,Simple AD ,3119,School,T.Shaffer,Password1
Houston,Fuentes,H.Fuentes,Houston Fuentes,Simple AD ,4159,School,H.Fuentes,Password1
Milagros,Houston,M.Houston,Milagros Houston,Simple AD ,1099,School,M.Houston,Password1
Valentina,Abbott,V.Abbott,Valentina Abbott,Simple AD ,2579,School,V.Abbott,Password1
Zackery,Webster,Z.Webster,Zackery Webster,Simple AD ,2993,School,Z.Webster,Password1
Cannon,Berg,C.Berg,Cannon Berg,Simple AD ,1108,School,C.Berg,Password1
Cherish,Knight,C.Knight,Cherish Knight,Simple AD ,4757,School,C.Knight,Password1
Karma,Kelley,K.Kelley,Karma Kelley,Simple AD ,7682,School,K.Kelley,Password1
Quinton,Moreno,Q.Moreno,Quinton Moreno,Simple AD ,4295,School,Q.Moreno,Password1
Luz,Lloyd,L.Lloyd,Luz Lloyd,Simple AD ,1668,School,L.Lloyd,Password1
Miles,Walter,M.Walter,Miles Walter,Simple AD ,7977,School,M.Walter,Password1
Addison,Holmes,A.Holmes,Addison Holmes,Simple AD ,9849,School,A.Holmes,Password1
Francisco,Fox,F.Fox,Francisco Fox,Simple AD ,5728,School,F.Fox,Password1
Damaris,Levy,D.Levy,Damaris Levy,Simple AD ,1924,School,D.Levy,Password1
Jazlene,Smith,J.Smith,Jazlene Smith,Simple AD ,8865,School,J.Smith,Password1
Madalynn,Horton,M.Horton,Madalynn Horton,Simple AD ,3631,School,M.Horton,Password1
Randy,Rosales,R.Rosales,Randy Rosales,Simple AD ,8374,School,R.Rosales,Password1
Christian,Cervantes,C.Cervantes,Christian Cervantes,Simple AD ,9136,School,C.Cervantes,Password1
Journey,Beck,J.Beck,Journey Beck,Simple AD ,9989,School,J.Beck,Password1
Arielle,Velazquez,A.Velazquez,Arielle Velazquez,Simple AD ,8448,School,A.Velazquez,Password1
Moshe,Norton,M.Norton,Moshe Norton,Simple AD ,4421,School,M.Norton,Password1
Demarion,Manning,D.Manning,Demarion Manning,Simple AD ,2404,School,D.Manning,Password1
Armani,Landry,A.Landry,Armani Landry,Simple AD ,3033,School,A.Landry,Password1
Soren,Jacobs,S.Jacobs,Soren Jacobs,Simple AD ,4458,School,S.Jacobs,Password1
Rylie,Hansen,R.Hansen,Rylie Hansen,Simple AD ,1549,School,R.Hansen,Password1
Danika,Estes,D.Estes,Danika Estes,Simple AD ,9349,School,D.Estes,Password1
Irene,Richmond,I.Richmond,Irene Richmond,Simple AD ,3596,School,I.Richmond,Password1
Aron,Bryan,A.Bryan,Aron Bryan,Simple AD ,3237,School,A.Bryan,Password1
Cassie,Mercer,C.Mercer,Cassie Mercer,Simple AD ,1256,School,C.Mercer,Password1
Liam,Wang,L.Wang,Liam Wang,Simple AD ,3209,School,L.Wang,Password1
Kierra,Medina,K.Medina,Kierra Medina,Simple AD ,8961,School,K.Medina,Password1
Charlee,Poole,C.Poole,Charlee Poole,Simple AD ,9233,School,C.Poole,Password1
Logan,Compton,L.Compton,Logan Compton,Simple AD ,3928,School,L.Compton,Password1
Evie,Pham,E.Pham,Evie Pham,Simple AD ,8157,School,E.Pham,Password1
Clark,English,C.English,Clark English,Simple AD ,8015,School,C.English,Password1
Jake,Cooley,J.Cooley,Jake Cooley,Simple AD ,1678,School,J.Cooley,Password1
Cody,Bond,C.Bond,Cody Bond,Simple AD ,4675,School,C.Bond,Password1
Paxton,Huynh,P.Huynh,Paxton Huynh,Simple AD ,4000,School,P.Huynh,Password1
Jamiya,Brock,J.Brock,Jamiya Brock,Simple AD ,3569,School,J.Brock,Password1
Delaney,Casey,D.Casey,Delaney Casey,Simple AD ,5607,School,D.Casey,Password1
Gabriela,Mendez,G.Mendez,Gabriela Mendez,Simple AD ,7823,School,G.Mendez,Password1
Angie,Olson,A.Olson,Angie Olson,Simple AD ,4692,School,A.Olson,Password1
Marilyn,Shelton,M.Shelton,Marilyn Shelton,Simple AD ,4054,School,M.Shelton,Password1
Connor,Sampson,C.Sampson,Connor Sampson,Simple AD ,7965,School,C.Sampson,Password1
Lydia,Glover,L.Glover,Lydia Glover,Simple AD ,2567,School,L.Glover,Password1
Malachi,Whitney,M.Whitney,Malachi Whitney,Simple AD ,7810,School,M.Whitney,Password1
Keith,Hampton,K.Hampton,Keith Hampton,Simple AD ,1645,School,K.Hampton,Password1
Marc,Miles,M.Miles,Marc Miles,Simple AD ,3144,School,M.Miles,Password1
Nathaniel,Park,N.Park,Nathaniel Park,Simple AD ,8632,School,N.Park,Password1
Rudy,Rose,R.Rose,Rudy Rose,Simple AD ,2583,School,R.Rose,Password1
Zaniyah,Ibarra,Z.Ibarra,Zaniyah Ibarra,Simple AD ,9153,School,Z.Ibarra,Password1
Andrea,Riddle,A.Riddle,Andrea Riddle,Simple AD ,6294,School,A.Riddle,Password1
Rosemary,Parker,R.Parker,Rosemary Parker,Simple AD ,2554,School,R.Parker,Password1
Averi,Wise,A.Wise,Averi Wise,Simple AD ,7595,School,A.Wise,Password1
Heidy,Hayden,H.Hayden,Heidy Hayden,Simple AD ,4652,School,H.Hayden,Password1
Aniya,Gentry,A.Gentry,Aniya Gentry,Simple AD ,8094,School,A.Gentry,Password1
Gordon,Osborne,G.Osborne,Gordon Osborne,Simple AD ,6448,School,G.Osborne,Password1
Jeremiah,Norris,J.Norris,Jeremiah Norris,Simple AD ,2311,School,J.Norris,Password1
Pierce,Cantrell,P.Cantrell,Pierce Cantrell,Simple AD ,1976,School,P.Cantrell,Password1
Dustin,Maxwell,D.Maxwell,Dustin Maxwell,Simple AD ,7039,School,D.Maxwell,Password1
Matteo,Oneill,M.Oneill,Matteo Oneill,Simple AD ,4132,School,M.Oneill,Password1
Payton,Ramsey,P.Ramsey,Payton Ramsey,Simple AD ,1690,School,P.Ramsey,Password1
Daniela,Yoder,D.Yoder,Daniela Yoder,Simple AD ,9156,School,D.Yoder,Password1
Mayra,Newton,M.Newton,Mayra Newton,Simple AD ,8110,School,M.Newton,Password1
Emanuel,Cabrera,E.Cabrera,Emanuel Cabrera,Simple AD ,7299,School,E.Cabrera,Password1
Jacquelyn,Rodgers,J.Rodgers,Jacquelyn Rodgers,Simple AD ,3200,School,J.Rodgers,Password1
Tyree,Fields,T.Fields,Tyree Fields,Simple AD ,6032,School,T.Fields,Password1
Dakota,Dorsey,D.Dorsey,Dakota Dorsey,Simple AD ,1194,School,D.Dorsey,Password1
Perla,Huang,P.Huang,Perla Huang,Simple AD ,9815,School,P.Huang,Password1
Simone,Russo,S.Russo,Simone Russo,Simple AD ,9690,School,S.Russo,Password1
Elvis,Wong,E.Wong,Elvis Wong,Simple AD ,7461,School,E.Wong,Password1
Aaden,Sparks,A.Sparks,Aaden Sparks,Simple AD ,1311,School,A.Sparks,Password1
Henry,Wagner,H.Wagner,Henry Wagner,Simple AD ,7894,School,H.Wagner,Password1
Scarlet,Bonilla,S.Bonilla,Scarlet Bonilla,Simple AD ,5757,School,S.Bonilla,Password1
Finley,Klein,F.Klein,Finley Klein,Simple AD ,4616,School,F.Klein,Password1
Colton,Bradford,C.Bradford,Colton Bradford,Simple AD ,6173,School,C.Bradford,Password1
Cordell,Perez,C.Perez,Cordell Perez,Simple AD ,5276,School,C.Perez,Password1
Trystan,Callahan,T.Callahan,Trystan Callahan,Simple AD ,9584,School,T.Callahan,Password1
Mylie,Page,M.Page,Mylie Page,Simple AD ,8022,School,M.Page,Password1
Deegan,Gould,D.Gould,Deegan Gould,Simple AD ,8638,School,D.Gould,Password1
Reyna,Arias,R.Arias,Reyna Arias,Simple AD ,3514,School,R.Arias,Password1
Ellen,Woodward,E.Woodward,Ellen Woodward,Simple AD ,8354,School,E.Woodward,Password1
Jonathon,Randall,J.Randall,Jonathon Randall,Simple AD ,1551,School,J.Randall,Password1
Jay,Jimenez,J.Jimenez,Jay Jimenez,Simple AD ,1293,School,J.Jimenez,Password1
Justice,Hamilton,J.Hamilton,Justice Hamilton,Simple AD ,7638,School,J.Hamilton,Password1
Cullen,Mcdonald,C.Mcdonald,Cullen Mcdonald,Simple AD ,7611,School,C.Mcdonald,Password1
Kirsten,Beltran,K.Beltran,Kirsten Beltran,Simple AD ,8052,School,K.Beltran,Password1
Josh,Andrade,J.Andrade,Josh Andrade,Simple AD ,9618,School,J.Andrade,Password1
Mireya,Castillo,M.Castillo,Mireya Castillo,Simple AD ,9023,School,M.Castillo,Password1
Savanna,Proctor,S.Proctor,Savanna Proctor,Simple AD ,7247,School,S.Proctor,Password1
Tiffany,Mosley,T.Mosley,Tiffany Mosley,Simple AD ,3723,School,T.Mosley,Password1
Adan,Haney,A.Haney,Adan Haney,Simple AD ,6576,School,A.Haney,Password1
Jaylee,Hancock,J.Hancock,Jaylee Hancock,Simple AD ,4210,School,J.Hancock,Password1
Mariyah,Hoover,M.Hoover,Mariyah Hoover,Simple AD ,3628,School,M.Hoover,Password1
Alonzo,Duncan,A.Duncan,Alonzo Duncan,Simple AD ,7360,School,A.Duncan,Password1
Jaida,Dawson,J.Dawson,Jaida Dawson,Simple AD ,2390,School,J.Dawson,Password1
Angela,Brandt,A.Brandt,Angela Brandt,Simple AD ,4269,School,A.Brandt,Password1
Lucas,Snow,L.Snow,Lucas Snow,Simple AD ,8846,School,L.Snow,Password1
Stella,Carpenter,S.Carpenter,Stella Carpenter,Simple AD ,7016,School,S.Carpenter,Password1
Landon,Lawrence,L.Lawrence,Landon Lawrence,Simple AD ,2795,School,L.Lawrence,Password1
Kyra,Gay,K.Gay,Kyra Gay,Simple AD ,7348,School,K.Gay,Password1
Parker,Curtis,P.Curtis,Parker Curtis,Simple AD ,8322,School,P.Curtis,Password1
Dean,Reeves,D.Reeves,Dean Reeves,Simple AD ,6042,School,D.Reeves,Password1
America,Price,A.Price,America Price,Simple AD ,6687,School,A.Price,Password1
Giovanny,Cooke,G.Cooke,Giovanny Cooke,Simple AD ,5174,School,G.Cooke,Password1
Gregory,Mitchell,G.Mitchell,Gregory Mitchell,Simple AD ,9698,School,G.Mitchell,Password1
Alvin,Rodriguez,A.Rodriguez,Alvin Rodriguez,Simple AD ,2682,School,A.Rodriguez,Password1
Rayne,Dennis,R.Dennis,Rayne Dennis,Simple AD ,2511,School,R.Dennis,Password1
Krystal,Shaw,K.Shaw,Krystal Shaw,Simple AD ,6337,School,K.Shaw,Password1
Jaylene,Mays,J.Mays,Jaylene Mays,Simple AD ,8531,School,J.Mays,Password1
Liberty,Contreras,L.Contreras,Liberty Contreras,Simple AD ,1000,School,L.Contreras,Password1
Kadence,Doyle,K.Doyle,Kadence Doyle,Simple AD ,6950,School,K.Doyle,Password1
Yadira,Peterson,Y.Peterson,Yadira Peterson,Simple AD ,4181,School,Y.Peterson,Password1
Amari,Guzman,A.Guzman,Amari Guzman,Simple AD ,2275,School,A.Guzman,Password1
Lexie,Barrera,L.Barrera,Lexie Barrera,Simple AD ,8024,School,L.Barrera,Password1
Kai,Mccall,K.Mccall,Kai Mccall,Simple AD ,7228,School,K.Mccall,Password1
Skyler,Harris,S.Harris,Skyler Harris,Simple AD ,1040,School,S.Harris,Password1
Chana,Serrano,C.Serrano,Chana Serrano,Simple AD ,1001,School,C.Serrano,Password1
Angelina,Phelps,A.Phelps,Angelina Phelps,Simple AD ,2478,School,A.Phelps,Password1
John,Dudley,J.Dudley,John Dudley,Simple AD ,9299,School,J.Dudley,Password1
Haiden,Howard,H.Howard,Haiden Howard,Simple AD ,4403,School,H.Howard,Password1
Lesly,Woods,L.Woods,Lesly Woods,Simple AD ,8899,School,L.Woods,Password1
Drake,Sherman,D.Sherman,Drake Sherman,Simple AD ,3272,School,D.Sherman,Password1
Jaycee,Hunter,J.Hunter,Jaycee Hunter,Simple AD ,5558,School,J.Hunter,Password1
Jayvion,Rocha,J.Rocha,Jayvion Rocha,Simple AD ,8535,School,J.Rocha,Password1
Taylor,Valencia,T.Valencia,Taylor Valencia,Simple AD ,8100,School,T.Valencia,Password1
Joel,Carey,J.Carey,Joel Carey,Simple AD ,6367,School,J.Carey,Password1
Trinity,Massey,T.Massey,Trinity Massey,Simple AD ,6794,School,T.Massey,Password1
Stacy,Baird,S.Baird,Stacy Baird,Simple AD ,7558,School,S.Baird,Password1
Brody,Lamb,B.Lamb,Brody Lamb,Simple AD ,2970,School,B.Lamb,Password1
Raymond,Daniel,R.Daniel,Raymond Daniel,Simple AD ,5234,School,R.Daniel,Password1
Jimmy,Golden,J.Golden,Jimmy Golden,Simple AD ,5730,School,J.Golden,Password1
Maryjane,Whitehead,M.Whitehead,Maryjane Whitehead,Simple AD ,2988,School,M.Whitehead,Password1
Aubree,Schmidt,A.Schmidt,Aubree Schmidt,Simple AD ,2219,School,A.Schmidt,Password1
Isabela,Nolan,I.Nolan,Isabela Nolan,Simple AD ,8969,School,I.Nolan,Password1
Paloma,Sawyer,P.Sawyer,Paloma Sawyer,Simple AD ,7177,School,P.Sawyer,Password1
Brent,Randolph,B.Randolph,Brent Randolph,Simple AD ,5550,School,B.Randolph,Password1
Ainsley,Montes,A.Montes,Ainsley Montes,Simple AD ,9916,School,A.Montes,Password1
Sage,Macias,S.Macias,Sage Macias,Simple AD ,9542,School,S.Macias,Password1
Alisa,Cantu,A.Cantu,Alisa Cantu,Simple AD ,7666,School,A.Cantu,Password1
