displayName,givenName,sn,sAMAccountName,description
Kenyetta Kwiatkowski (Simple AD),Kenyetta,Kwiatkowski,KwiatkowskiK,Test User
Bryant Hulsey (Simple AD),Bryant,Hulsey,HulseyB,Test User
Marcelle Settle (Simple AD),Marcelle,Settle,SettleM,Test User
Coleen Millman (Simple AD),Coleen,Millman,MillmanC,Test User
Vania Irick (Simple AD),Vania,Irick,IrickV,Test User
Albert Charles (Simple AD),Albert,Charles,CharlesA,Test User
Korey Grout (Simple AD),Korey,Grout,GroutK,Test User
Jackqueline Mciver (Simple AD),Jackqueline,Mciver,MciverJ,Test User
Rima Milner (Simple AD),Rima,Milner,MilnerR,Test User
Temple Segal (Simple AD),Temple,Segal,SegalT,Test User
Caroline Hanlin (Simple AD),Caroline,Hanlin,HanlinC,Test User
Latashia Guevara (Simple AD),Latashia,Guevara,GuevaraL,Test User
Rubye Minier (Simple AD),Rubye,Minier,MinierR,Test User
Ilda Mccallie (Simple AD),Ilda,Mccallie,MccallieI,Test User
Cleora Boykin (Simple AD),Cleora,Boykin,BoykinC,Test User
Shantel Buchannon (Simple AD),Shantel,Buchannon,BuchannonS,Test User
Nathanael Troy (Simple AD),Nathanael,Troy,TroyN,Test User
Neda Bowdoin (Simple AD),Neda,Bowdoin,BowdoinN,Test User
Lanie Noonan (Simple AD),Lanie,Noonan,NoonanL,Test User
Abby Hulin (Simple AD),Abby,Hulin,HulinA,Test User
Kellie Potvin (Simple AD),Kellie,Potvin,PotvinK,Test User
Andre Younce (Simple AD),Andre,Younce,YounceA,Test User
Lemuel Laster (Simple AD),Lemuel,Laster,LasterL,Test User
Kaitlin Ver (Simple AD),Kaitlin,Ver,VerK,Test User
Arlen Faye (Simple AD),Arlen,Faye,FayeA,Test User
Maybelle Welliver (Simple AD),Maybelle,Welliver,WelliverM,Test User
Joann Davilla (Simple AD),Joann,Davilla,DavillaJ,Test User
Lois Robey (Simple AD),Lois,Robey,RobeyL,Test User
Stanton Keeling (Simple AD),Stanton,Keeling,KeelingS,Test User
Imelda Mangino (Simple AD),Imelda,Mangino,ManginoI,Test User
Diamond Bader (Simple AD),Diamond,Bader,BaderD,Test User
Thomasine Lundahl (Simple AD),Thomasine,Lundahl,LundahlT,Test User
Maxwell Hilderbrand (Simple AD),Maxwell,Hilderbrand,HilderbrandM,Test User
Mac Garson (Simple AD),Mac,Garson,GarsonM,Test User
Camie Uyeda (Simple AD),Camie,Uyeda,UyedaC,Test User
Vallie Krob (Simple AD),Vallie,Krob,KrobV,Test User
Selina Linde (Simple AD),Selina,Linde,LindeS,Test User
Classie Palumbo (Simple AD),Classie,Palumbo,PalumboC,Test User
Lynelle Iorio (Simple AD),Lynelle,Iorio,IorioL,Test User
Deanne Schecter (Simple AD),Deanne,Schecter,SchecterD,Test User
Vanda Bouley (Simple AD),Vanda,Bouley,BouleyV,Test User
Cleopatra Linsey (Simple AD),Cleopatra,Linsey,LinseyC,Test User
Gemma Mcfaddin (Simple AD),Gemma,Mcfaddin,McfaddinG,Test User
Fabian Bender (Simple AD),Fabian,Bender,BenderF,Test User
Raven Mcglamery (Simple AD),Raven,Mcglamery,McglameryR,Test User
Tuyet Eklund (Simple AD),Tuyet,Eklund,EklundT,Test User
Edward Costas (Simple AD),Edward,Costas,CostasE,Test User
Latosha Keller (Simple AD),Latosha,Keller,KellerL,Test User
Joana Blunt (Simple AD),Joana,Blunt,BluntJ,Test User
Carylon Lumsden (Simple AD),Carylon,Lumsden,LumsdenC,Test User
Sherie Monaghan (Simple AD),Sherie,Monaghan,MonaghanS,Test User
Sharee Province (Simple AD),Sharee,Province,ProvinceS,Test User
Deetta Bezanson (Simple AD),Deetta,Bezanson,BezansonD,Test User
Doretha Mauck (Simple AD),Doretha,Mauck,MauckD,Test User
Suzan Michell (Simple AD),Suzan,Michell,MichellS,Test User
Sari Kupfer (Simple AD),Sari,Kupfer,KupferS,Test User
Noemi Coplan (Simple AD),Noemi,Coplan,CoplanN,Test User
Freeman Badalamenti (Simple AD),Freeman,Badalamenti,BadalamentiF,Test User
Shameka Hillebrand (Simple AD),Shameka,Hillebrand,HillebrandS,Test User
Elmo Groce (Simple AD),Elmo,Groce,GroceE,Test User
Youlanda Goates (Simple AD),Youlanda,Goates,GoatesY,Test User
Estell Guillot (Simple AD),Estell,Guillot,GuillotE,Test User
Alecia Rall (Simple AD),Alecia,Rall,RallA,Test User
Iris Eason (Simple AD),Iris,Eason,EasonI,Test User
Britt Chartier (Simple AD),Britt,Chartier,ChartierB,Test User
Janae Waldrip (Simple AD),Janae,Waldrip,WaldripJ,Test User
An Buesing (Simple AD),An,Buesing,BuesingA,Test User
Kiana Tankersley (Simple AD),Kiana,Tankersley,TankersleyK,Test User
Cassie Maday (Simple AD),Cassie,Maday,MadayC,Test User
Thaddeus Mcgonigle (Simple AD),Thaddeus,Mcgonigle,McgonigleT,Test User
Elfriede Nicodemus (Simple AD),Elfriede,Nicodemus,NicodemusE,Test User
Cinda Jemison (Simple AD),Cinda,Jemison,JemisonC,Test User
Marlana Sansbury (Simple AD),Marlana,Sansbury,SansburyM,Test User
Kirby Kindel (Simple AD),Kirby,Kindel,KindelK,Test User
Dorla Oliveri (Simple AD),Dorla,Oliveri,OliveriD,Test User
Alfreda Jessen (Simple AD),Alfreda,Jessen,JessenA,Test User
Joya Rice (Simple AD),Joya,Rice,RiceJ,Test User
Bonnie Pressnell (Simple AD),Bonnie,Pressnell,PressnellB,Test User
Karleen Degennaro (Simple AD),Karleen,Degennaro,DegennaroK,Test User
Joleen Oberman (Simple AD),Joleen,Oberman,ObermanJ,Test User
Elanor Nesby (Simple AD),Elanor,Nesby,NesbyE,Test User
Lani Deford (Simple AD),Lani,Deford,DefordL,Test User
Gordon Scoggin (Simple AD),Gordon,Scoggin,ScogginG,Test User
Filiberto Raschke (Simple AD),Filiberto,Raschke,RaschkeF,Test User
Latonia Fullenkamp (Simple AD),Latonia,Fullenkamp,FullenkampL,Test User
Demetria Rushton (Simple AD),Demetria,Rushton,RushtonD,Test User
Leta Fandel (Simple AD),Leta,Fandel,FandelL,Test User
Krystin Casarez (Simple AD),Krystin,Casarez,CasarezK,Test User
Idell Currey (Simple AD),Idell,Currey,CurreyI,Test User
Keesha Meeks (Simple AD),Keesha,Meeks,MeeksK,Test User
Angila Jaillet (Simple AD),Angila,Jaillet,JailletA,Test User
Eleanora Biehl (Simple AD),Eleanora,Biehl,BiehlE,Test User
Nelda Frazee (Simple AD),Nelda,Frazee,FrazeeN,Test User
Francie Hakim (Simple AD),Francie,Hakim,HakimF,Test User
Vincenzo Sweatman (Simple AD),Vincenzo,Sweatman,SweatmanV,Test User
Machelle Arrellano (Simple AD),Machelle,Arrellano,ArrellanoM,Test User
Patria Oritz (Simple AD),Patria,Oritz,OritzP,Test User
Candra Hughey (Simple AD),Candra,Hughey,HugheyC,Test User
Gloria Cayer (Simple AD),Gloria,Cayer,CayerG,Test User
Mavis Gendron (Simple AD),Mavis,Gendron,GendronM,Test User
