displayName,givenName,sn,sAMAccountName,name,description,password,mail,pager
Kenyetta Kwiatkowski   (Simple AD),Kenyetta,Kwiatkowski,KwiatkowskiK,Kenyetta Kwiatkowski  ,Test User,Password1,KwiatkowskiK@Vega.co.uk,0.611488446
Bryant Hulsey   (Simple AD),Bryant,Hulsey,HulseyB,Bryant Hulsey  ,Test User,Password1,HulseyB@Vega.co.uk,0.502787542
Marcelle Settle   (Simple AD),Marcelle,Settle,SettleM,Marcelle Settle  ,Test User,Password1,SettleM@Vega.co.uk,0.817736549
Coleen Millman   (Simple AD),Coleen,Millman,MillmanC,Coleen Millman  ,Test User,Password1,MillmanC@Vega.co.uk,0.370136509
Vania Irick   (Simple AD),Vania,Irick,IrickV,Vania Irick  ,Test User,Password1,IrickV@Vega.co.uk,0.1799069
Albert Charles   (Simple AD),Albert,Charles,CharlesA,Albert Charles  ,Test User,Password1,CharlesA@Vega.co.uk,0.504605854
Korey Grout   (Simple AD),Korey,Grout,GroutK,Korey Grout  ,Test User,Password1,GroutK@Vega.co.uk,0.412838603
Jackqueline Mciver   (Simple AD),Jackqueline,Mciver,MciverJ,Jackqueline Mciver  ,Test User,Password1,MciverJ@Vega.co.uk,0.862848404
Rima Milner   (Simple AD),Rima,Milner,MilnerR,Rima Milner  ,Test User,Password1,MilnerR@Vega.co.uk,0.300035158
Temple Segal   (Simple AD),Temple,Segal,SegalT,Temple Segal  ,Test User,Password1,SegalT@Vega.co.uk,0.620953385
Caroline Hanlin   (Simple AD),Caroline,Hanlin,HanlinC,Caroline Hanlin  ,Test User,Password1,HanlinC@Vega.co.uk,0.819786118
Latashia Guevara   (Simple AD),Latashia,Guevara,GuevaraL,Latashia Guevara  ,Test User,Password1,GuevaraL@Vega.co.uk,0.14429378
Rubye Minier   (Simple AD),Rubye,Minier,MinierR,Rubye Minier  ,Test User,Password1,MinierR@Vega.co.uk,0.933934331
Ilda Mccallie   (Simple AD),Ilda,Mccallie,MccallieI,Ilda Mccallie  ,Test User,Password1,MccallieI@Vega.co.uk,0.226290578
Cleora Boykin   (Simple AD),Cleora,Boykin,BoykinC,Cleora Boykin  ,Test User,Password1,BoykinC@Vega.co.uk,0.193023259
Shantel Buchannon   (Simple AD),Shantel,Buchannon,BuchannonS,Shantel Buchannon  ,Test User,Password1,BuchannonS@Vega.co.uk,0.857341962
Nathanael Troy   (Simple AD),Nathanael,Troy,TroyN,Nathanael Troy  ,Test User,Password1,TroyN@Vega.co.uk,0.087336359
Neda Bowdoin   (Simple AD),Neda,Bowdoin,BowdoinN,Neda Bowdoin  ,Test User,Password1,BowdoinN@Vega.co.uk,0.222274365
Lanie Noonan   (Simple AD),Lanie,Noonan,NoonanL,Lanie Noonan  ,Test User,Password1,NoonanL@Vega.co.uk,0.727267626
Abby Hulin   (Simple AD),Abby,Hulin,HulinA,Abby Hulin  ,Test User,Password1,HulinA@Vega.co.uk,0.655959287
Kellie Potvin   (Simple AD),Kellie,Potvin,PotvinK,Kellie Potvin  ,Test User,Password1,PotvinK@Vega.co.uk,0.798022234
Andre Younce   (Simple AD),Andre,Younce,YounceA,Andre Younce  ,Test User,Password1,YounceA@Vega.co.uk,0.110173681
Lemuel Laster   (Simple AD),Lemuel,Laster,LasterL,Lemuel Laster  ,Test User,Password1,LasterL@Vega.co.uk,0.10692745
Kaitlin Ver   (Simple AD),Kaitlin,Ver,VerK,Kaitlin Ver  ,Test User,Password1,VerK@Vega.co.uk,0.367564691
Arlen Faye   (Simple AD),Arlen,Faye,FayeA,Arlen Faye  ,Test User,Password1,FayeA@Vega.co.uk,0.270739148
Maybelle Welliver   (Simple AD),Maybelle,Welliver,WelliverM,Maybelle Welliver  ,Test User,Password1,WelliverM@Vega.co.uk,0.939877194
Joann Davilla   (Simple AD),Joann,Davilla,DavillaJ,Joann Davilla  ,Test User,Password1,DavillaJ@Vega.co.uk,0.136751818
Lois Robey   (Simple AD),Lois,Robey,RobeyL,Lois Robey  ,Test User,Password1,RobeyL@Vega.co.uk,0.67016719
Stanton Keeling   (Simple AD),Stanton,Keeling,KeelingS,Stanton Keeling  ,Test User,Password1,KeelingS@Vega.co.uk,0.513224396
Imelda Mangino   (Simple AD),Imelda,Mangino,ManginoI,Imelda Mangino  ,Test User,Password1,ManginoI@Vega.co.uk,0.975942344
Diamond Bader   (Simple AD),Diamond,Bader,BaderD,Diamond Bader  ,Test User,Password1,BaderD@Vega.co.uk,0.42904859
Thomasine Lundahl   (Simple AD),Thomasine,Lundahl,LundahlT,Thomasine Lundahl  ,Test User,Password1,LundahlT@Vega.co.uk,0.091204203
Maxwell Hilderbrand   (Simple AD),Maxwell,Hilderbrand,HilderbrandM,Maxwell Hilderbrand  ,Test User,Password1,HilderbrandM@Vega.co.uk,0.657947283
Mac Garson   (Simple AD),Mac,Garson,GarsonM,Mac Garson  ,Test User,Password1,GarsonM@Vega.co.uk,0.66074493
Camie Uyeda   (Simple AD),Camie,Uyeda,UyedaC,Camie Uyeda  ,Test User,Password1,UyedaC@Vega.co.uk,0.655952376
Vallie Krob   (Simple AD),Vallie,Krob,KrobV,Vallie Krob  ,Test User,Password1,KrobV@Vega.co.uk,0.53311007
Selina Linde   (Simple AD),Selina,Linde,LindeS,Selina Linde  ,Test User,Password1,LindeS@Vega.co.uk,0.540029112
Classie Palumbo   (Simple AD),Classie,Palumbo,PalumboC,Classie Palumbo  ,Test User,Password1,PalumboC@Vega.co.uk,0.577130295
Lynelle Iorio   (Simple AD),Lynelle,Iorio,IorioL,Lynelle Iorio  ,Test User,Password1,IorioL@Vega.co.uk,0.122718212
Deanne Schecter   (Simple AD),Deanne,Schecter,SchecterD,Deanne Schecter  ,Test User,Password1,SchecterD@Vega.co.uk,0.139978391
Vanda Bouley   (Simple AD),Vanda,Bouley,BouleyV,Vanda Bouley  ,Test User,Password1,BouleyV@Vega.co.uk,0.991324319
Cleopatra Linsey   (Simple AD),Cleopatra,Linsey,LinseyC,Cleopatra Linsey  ,Test User,Password1,LinseyC@Vega.co.uk,0.351926845
Gemma Mcfaddin   (Simple AD),Gemma,Mcfaddin,McfaddinG,Gemma Mcfaddin  ,Test User,Password1,McfaddinG@Vega.co.uk,0.593086276
Fabian Bender   (Simple AD),Fabian,Bender,BenderF,Fabian Bender  ,Test User,Password1,BenderF@Vega.co.uk,0.095152193
Raven Mcglamery   (Simple AD),Raven,Mcglamery,McglameryR,Raven Mcglamery  ,Test User,Password1,McglameryR@Vega.co.uk,0.967756478
Tuyet Eklund   (Simple AD),Tuyet,Eklund,EklundT,Tuyet Eklund  ,Test User,Password1,EklundT@Vega.co.uk,0.851420287
Edward Costas   (Simple AD),Edward,Costas,CostasE,Edward Costas  ,Test User,Password1,CostasE@Vega.co.uk,0.548468581
Latosha Keller   (Simple AD),Latosha,Keller,KellerL,Latosha Keller  ,Test User,Password1,KellerL@Vega.co.uk,0.194947245
Joana Blunt   (Simple AD),Joana,Blunt,BluntJ,Joana Blunt  ,Test User,Password1,BluntJ@Vega.co.uk,0.683126689
Carylon Lumsden   (Simple AD),Carylon,Lumsden,LumsdenC,Carylon Lumsden  ,Test User,Password1,LumsdenC@Vega.co.uk,0.6554623
Sherie Monaghan   (Simple AD),Sherie,Monaghan,MonaghanS,Sherie Monaghan  ,Test User,Password1,MonaghanS@Vega.co.uk,0.073448537
Sharee Province   (Simple AD),Sharee,Province,ProvinceS,Sharee Province  ,Test User,Password1,ProvinceS@Vega.co.uk,0.40616956
Deetta Bezanson   (Simple AD),Deetta,Bezanson,BezansonD,Deetta Bezanson  ,Test User,Password1,BezansonD@Vega.co.uk,0.089499493
Doretha Mauck   (Simple AD),Doretha,Mauck,MauckD,Doretha Mauck  ,Test User,Password1,MauckD@Vega.co.uk,0.774220174
Suzan Michell   (Simple AD),Suzan,Michell,MichellS,Suzan Michell  ,Test User,Password1,MichellS@Vega.co.uk,0.643807912
Sari Kupfer   (Simple AD),Sari,Kupfer,KupferS,Sari Kupfer  ,Test User,Password1,KupferS@Vega.co.uk,0.831485398
Noemi Coplan   (Simple AD),Noemi,Coplan,CoplanN,Noemi Coplan  ,Test User,Password1,CoplanN@Vega.co.uk,0.576697526
Freeman Badalamenti   (Simple AD),Freeman,Badalamenti,BadalamentiF,Freeman Badalamenti  ,Test User,Password1,BadalamentiF@Vega.co.uk,0.47280781
Shameka Hillebrand   (Simple AD),Shameka,Hillebrand,HillebrandS,Shameka Hillebrand  ,Test User,Password1,HillebrandS@Vega.co.uk,0.6701593
Elmo Groce   (Simple AD),Elmo,Groce,GroceE,Elmo Groce  ,Test User,Password1,GroceE@Vega.co.uk,0.218830566
Youlanda Goates   (Simple AD),Youlanda,Goates,GoatesY,Youlanda Goates  ,Test User,Password1,GoatesY@Vega.co.uk,0.333005454
Estell Guillot   (Simple AD),Estell,Guillot,GuillotE,Estell Guillot  ,Test User,Password1,GuillotE@Vega.co.uk,0.216961834
Alecia Rall   (Simple AD),Alecia,Rall,RallA,Alecia Rall  ,Test User,Password1,RallA@Vega.co.uk,0.699455647
Iris Eason   (Simple AD),Iris,Eason,EasonI,Iris Eason  ,Test User,Password1,EasonI@Vega.co.uk,0.883250633
Britt Chartier   (Simple AD),Britt,Chartier,ChartierB,Britt Chartier  ,Test User,Password1,ChartierB@Vega.co.uk,0.109094483
Janae Waldrip   (Simple AD),Janae,Waldrip,WaldripJ,Janae Waldrip  ,Test User,Password1,WaldripJ@Vega.co.uk,0.008853866
An Buesing   (Simple AD),An,Buesing,BuesingA,An Buesing  ,Test User,Password1,BuesingA@Vega.co.uk,0.653309766
Kiana Tankersley   (Simple AD),Kiana,Tankersley,TankersleyK,Kiana Tankersley  ,Test User,Password1,TankersleyK@Vega.co.uk,0.406338801
Cassie Maday   (Simple AD),Cassie,Maday,MadayC,Cassie Maday  ,Test User,Password1,MadayC@Vega.co.uk,0.553847312
Thaddeus Mcgonigle   (Simple AD),Thaddeus,Mcgonigle,McgonigleT,Thaddeus Mcgonigle  ,Test User,Password1,McgonigleT@Vega.co.uk,0.30560817
Elfriede Nicodemus   (Simple AD),Elfriede,Nicodemus,NicodemusE,Elfriede Nicodemus  ,Test User,Password1,NicodemusE@Vega.co.uk,0.564643228
Cinda Jemison   (Simple AD),Cinda,Jemison,JemisonC,Cinda Jemison  ,Test User,Password1,JemisonC@Vega.co.uk,0.075700559
Marlana Sansbury   (Simple AD),Marlana,Sansbury,SansburyM,Marlana Sansbury  ,Test User,Password1,SansburyM@Vega.co.uk,0.491224685
Kirby Kindel   (Simple AD),Kirby,Kindel,KindelK,Kirby Kindel  ,Test User,Password1,KindelK@Vega.co.uk,0.774751141
Dorla Oliveri   (Simple AD),Dorla,Oliveri,OliveriD,Dorla Oliveri  ,Test User,Password1,OliveriD@Vega.co.uk,0.643656761
Alfreda Jessen   (Simple AD),Alfreda,Jessen,JessenA,Alfreda Jessen  ,Test User,Password1,JessenA@Vega.co.uk,0.231268709
Joya Rice   (Simple AD),Joya,Rice,RiceJ,Joya Rice  ,Test User,Password1,RiceJ@Vega.co.uk,0.769613668
Bonnie Pressnell   (Simple AD),Bonnie,Pressnell,PressnellB,Bonnie Pressnell  ,Test User,Password1,PressnellB@Vega.co.uk,0.226366858
Karleen Degennaro   (Simple AD),Karleen,Degennaro,DegennaroK,Karleen Degennaro  ,Test User,Password1,DegennaroK@Vega.co.uk,0.343667589
Joleen Oberman   (Simple AD),Joleen,Oberman,ObermanJ,Joleen Oberman  ,Test User,Password1,ObermanJ@Vega.co.uk,0.269626601
Elanor Nesby   (Simple AD),Elanor,Nesby,NesbyE,Elanor Nesby  ,Test User,Password1,NesbyE@Vega.co.uk,0.525585008
Lani Deford   (Simple AD),Lani,Deford,DefordL,Lani Deford  ,Test User,Password1,DefordL@Vega.co.uk,0.694376834
Gordon Scoggin   (Simple AD),Gordon,Scoggin,ScogginG,Gordon Scoggin  ,Test User,Password1,ScogginG@Vega.co.uk,0.214604713
Filiberto Raschke   (Simple AD),Filiberto,Raschke,RaschkeF,Filiberto Raschke  ,Test User,Password1,RaschkeF@Vega.co.uk,0.204542959
Latonia Fullenkamp   (Simple AD),Latonia,Fullenkamp,FullenkampL,Latonia Fullenkamp  ,Test User,Password1,FullenkampL@Vega.co.uk,0.915780043
Demetria Rushton   (Simple AD),Demetria,Rushton,RushtonD,Demetria Rushton  ,Test User,Password1,RushtonD@Vega.co.uk,0.076347045
Leta Fandel   (Simple AD),Leta,Fandel,FandelL,Leta Fandel  ,Test User,Password1,FandelL@Vega.co.uk,0.198641581
Krystin Casarez   (Simple AD),Krystin,Casarez,CasarezK,Krystin Casarez  ,Test User,Password1,CasarezK@Vega.co.uk,0.151796407
Idell Currey   (Simple AD),Idell,Currey,CurreyI,Idell Currey  ,Test User,Password1,CurreyI@Vega.co.uk,0.399507403
Keesha Meeks   (Simple AD),Keesha,Meeks,MeeksK,Keesha Meeks  ,Test User,Password1,MeeksK@Vega.co.uk,0.109877711
Angila Jaillet   (Simple AD),Angila,Jaillet,JailletA,Angila Jaillet  ,Test User,Password1,JailletA@Vega.co.uk,0.685007767
Eleanora Biehl   (Simple AD),Eleanora,Biehl,BiehlE,Eleanora Biehl  ,Test User,Password1,BiehlE@Vega.co.uk,0.715411203
Nelda Frazee   (Simple AD),Nelda,Frazee,FrazeeN,Nelda Frazee  ,Test User,Password1,FrazeeN@Vega.co.uk,0.507946571
Francie Hakim   (Simple AD),Francie,Hakim,HakimF,Francie Hakim  ,Test User,Password1,HakimF@Vega.co.uk,0.866216137
Vincenzo Sweatman   (Simple AD),Vincenzo,Sweatman,SweatmanV,Vincenzo Sweatman  ,Test User,Password1,SweatmanV@Vega.co.uk,0.190643627
Machelle Arrellano   (Simple AD),Machelle,Arrellano,ArrellanoM,Machelle Arrellano  ,Test User,Password1,ArrellanoM@Vega.co.uk,0.012713581
Patria Oritz   (Simple AD),Patria,Oritz,OritzP,Patria Oritz  ,Test User,Password1,OritzP@Vega.co.uk,0.491576463
Candra Hughey   (Simple AD),Candra,Hughey,HugheyC,Candra Hughey  ,Test User,Password1,HugheyC@Vega.co.uk,0.23327
Gloria Cayer   (Simple AD),Gloria,Cayer,CayerG,Gloria Cayer  ,Test User,Password1,CayerG@Vega.co.uk,0.551498351
Mavis Gendron   (Simple AD),Mavis,Gendron,GendronM,Mavis Gendron  ,Test User,Password1,GendronM@Vega.co.uk,0.781264404
